provider,dataset,country,indicator,period,value,flags,cause,ledger_reason,comparison_period,comparison_value,absolute_delta,relative_delta,manual_assessment,disposition,source_url,artifact_sha256
world_bank,WDI:2:NY.GDP.PCAP.CD,BR,gdp_per_capita,1973,814.731780553415,,numerical_variation,unexpected_revision_or_temporal_variation,1972,583.492034946156,231.239745607259,0.3963031742645768045747220413,required,retain_quarantine,https://api.worldbank.org/v2/country/PRT;ESP;DEU;FRA;GBR;IRL;NLD;CHE;ITA;USA;CAN;BRA;IND;PAK/indicator/NY.GDP.PCAP.CD?format=json&source=2&per_page=10000&page=1,2c246a72450cbe0ef9fcf24da56fc00ced8728accd2f5473a5231d1d134d9859
world_bank,WDI:2:NY.GDP.PCAP.CD,BR,gdp_per_capita,1983,1461.25582714178,,numerical_variation,unexpected_revision_or_temporal_variation,1982,2137.6250359394,-676.36920879762,0.3164115302852368626240609552,required,retain_quarantine,https://api.worldbank.org/v2/country/PRT;ESP;DEU;FRA;GBR;IRL;NLD;CHE;ITA;USA;CAN;BRA;IND;PAK/indicator/NY.GDP.PCAP.CD?format=json&source=2&per_page=10000&page=1,2c246a72450cbe0ef9fcf24da56fc00ced8728accd2f5473a5231d1d134d9859
world_bank,WDI:2:NY.GDP.PCAP.CD,BR,gdp_per_capita,1989,2818.99277980122,,numerical_variation,unexpected_revision_or_temporal_variation,1988,2140.65027561164,678.34250418958,0.3168861873038835044633587770,required,retain_quarantine,https://api.worldbank.org/v2/country/PRT;ESP;DEU;FRA;GBR;IRL;NLD;CHE;ITA;USA;CAN;BRA;IND;PAK/indicator/NY.GDP.PCAP.CD?format=json&source=2&per_page=10000&page=1,2c246a72450cbe0ef9fcf24da56fc00ced8728accd2f5473a5231d1d134d9859
world_bank,WDI:2:NY.GDP.PCAP.CD,BR,gdp_per_capita,1994,3298.71250747787,,numerical_variation,unexpected_revision_or_temporal_variation,1993,2348.88247685352,949.83003062435,0.4043752890935219371328381251,required,retain_quarantine,https://api.worldbank.org/v2/country/PRT;ESP;DEU;FRA;GBR;IRL;NLD;CHE;ITA;USA;CAN;BRA;IND;PAK/indicator/NY.GDP.PCAP.CD?format=json&source=2&per_page=10000&page=1,2c246a72450cbe0ef9fcf24da56fc00ced8728accd2f5473a5231d1d134d9859
world_bank,WDI:2:NY.GDP.PCAP.CD,BR,gdp_per_capita,1995,4756.74840785403,,numerical_variation,unexpected_revision_or_temporal_variation,1994,3298.71250747787,1458.03590037616,0.4420015072762267668929384257,required,retain_quarantine,https://api.worldbank.org/v2/country/PRT;ESP;DEU;FRA;GBR;IRL;NLD;CHE;ITA;USA;CAN;BRA;IND;PAK/indicator/NY.GDP.PCAP.CD?format=json&source=2&per_page=10000&page=1,2c246a72450cbe0ef9fcf24da56fc00ced8728accd2f5473a5231d1d134d9859
world_bank,WDI:2:NY.GDP.PCAP.CD,BR,gdp_per_capita,1999,3493.57162513699,,numerical_variation,unexpected_revision_or_temporal_variation,1998,5105.89099544117,-1612.31937030418,0.3157763006973220683535885832,required,retain_quarantine,https://api.worldbank.org/v2/country/PRT;ESP;DEU;FRA;GBR;IRL;NLD;CHE;ITA;USA;CAN;BRA;IND;PAK/indicator/NY.GDP.PCAP.CD?format=json&source=2&per_page=10000&page=1,2c246a72450cbe0ef9fcf24da56fc00ced8728accd2f5473a5231d1d134d9859
world_bank,WDI:2:NY.GDP.PCAP.CD,BR,gdp_per_capita,2005,4827.78173074714,,numerical_variation,unexpected_revision_or_temporal_variation,2004,3663.823188064,1163.95854268314,0.3176896053486104704618428573,required,retain_quarantine,https://api.worldbank.org/v2/country/PRT;ESP;DEU;FRA;GBR;IRL;NLD;CHE;ITA;USA;CAN;BRA;IND;PAK/indicator/NY.GDP.PCAP.CD?format=json&source=2&per_page=10000&page=1,2c246a72450cbe0ef9fcf24da56fc00ced8728accd2f5473a5231d1d134d9859
world_bank,WDI:2:NY.GDP.PCAP.CD,BR,gdp_per_capita,2010,11403.2821278747,,numerical_variation,unexpected_revision_or_temporal_variation,2009,8678.6592244676,2724.6229034071,0.3139451420935639276296867659,required,retain_quarantine,https://api.worldbank.org/v2/country/PRT;ESP;DEU;FRA;GBR;IRL;NLD;CHE;ITA;USA;CAN;BRA;IND;PAK/indicator/NY.GDP.PCAP.CD?format=json&source=2&per_page=10000&page=1,2c246a72450cbe0ef9fcf24da56fc00ced8728accd2f5473a5231d1d134d9859
world_bank,WDI:2:NY.GDP.PCAP.CD,CH,gdp_per_capita,1973,7974.29599499321,,numerical_variation,unexpected_revision_or_temporal_variation,1972,5973.4501067982,2000.84588819501,0.3349564912106504047722364699,required,retain_quarantine,https://api.worldbank.org/v2/country/PRT;ESP;DEU;FRA;GBR;IRL;NLD;CHE;ITA;USA;CAN;BRA;IND;PAK/indicator/NY.GDP.PCAP.CD?format=json&source=2&per_page=10000&page=1,2c246a72450cbe0ef9fcf24da56fc00ced8728accd2f5473a5231d1d134d9859
world_bank,WDI:2:NY.GDP.PCAP.CD,CH,gdp_per_capita,1978,16527.5418872075,,numerical_variation,unexpected_revision_or_temporal_variation,1977,11819.0992661464,4708.4426210611,0.3983757573259032977418338367,required,retain_quarantine,https://api.worldbank.org/v2/country/PRT;ESP;DEU;FRA;GBR;IRL;NLD;CHE;ITA;USA;CAN;BRA;IND;PAK/indicator/NY.GDP.PCAP.CD?format=json&source=2&per_page=10000&page=1,2c246a72450cbe0ef9fcf24da56fc00ced8728accd2f5473a5231d1d134d9859
world_bank,WDI:2:NY.GDP.PCAP.CD,CH,gdp_per_capita,1986,24828.4274790847,,numerical_variation,unexpected_revision_or_temporal_variation,1985,17410.5515558783,7417.8759232064,0.4260563428676625123757793563,required,retain_quarantine,https://api.worldbank.org/v2/country/PRT;ESP;DEU;FRA;GBR;IRL;NLD;CHE;ITA;USA;CAN;BRA;IND;PAK/indicator/NY.GDP.PCAP.CD?format=json&source=2&per_page=10000&page=1,2c246a72450cbe0ef9fcf24da56fc00ced8728accd2f5473a5231d1d134d9859
world_bank,WDI:2:NY.GDP.PCAP.CD,DE,gdp_per_capita,1973,5065.24523302283,,numerical_variation,unexpected_revision_or_temporal_variation,1972,3823.94032602696,1241.30490699587,0.3246140894373147192644684579,required,retain_quarantine,https://api.worldbank.org/v2/country/PRT;ESP;DEU;FRA;GBR;IRL;NLD;CHE;ITA;USA;CAN;BRA;IND;PAK/indicator/NY.GDP.PCAP.CD?format=json&source=2&per_page=10000&page=1,2c246a72450cbe0ef9fcf24da56fc00ced8728accd2f5473a5231d1d134d9859
world_bank,WDI:2:NY.GDP.PCAP.CD,DE,gdp_per_capita,1986,13511.1520027486,,numerical_variation,unexpected_revision_or_temporal_variation,1985,9464.11694710857,4047.03505564003,0.4276188764633197023175349166,required,retain_quarantine,https://api.worldbank.org/v2/country/PRT;ESP;DEU;FRA;GBR;IRL;NLD;CHE;ITA;USA;CAN;BRA;IND;PAK/indicator/NY.GDP.PCAP.CD?format=json&source=2&per_page=10000&page=1,2c246a72450cbe0ef9fcf24da56fc00ced8728accd2f5473a5231d1d134d9859
world_bank,WDI:2:NY.GDP.PCAP.CD,ES,gdp_per_capita,1973,2245.9479911066,,numerical_variation,unexpected_revision_or_temporal_variation,1972,1707.58800052655,538.35999058005,0.3152751075868663237854421191,required,retain_quarantine,https://api.worldbank.org/v2/country/PRT;ESP;DEU;FRA;GBR;IRL;NLD;CHE;ITA;USA;CAN;BRA;IND;PAK/indicator/NY.GDP.PCAP.CD?format=json&source=2&per_page=10000&page=1,2c246a72450cbe0ef9fcf24da56fc00ced8728accd2f5473a5231d1d134d9859
world_bank,WDI:2:NY.GDP.PCAP.CD,ES,gdp_per_capita,1979,5766.09296672485,,numerical_variation,unexpected_revision_or_temporal_variation,1978,4353.3273744052,1412.76559231965,0.3245254654234860402231728545,required,retain_quarantine,https://api.worldbank.org/v2/country/PRT;ESP;DEU;FRA;GBR;IRL;NLD;CHE;ITA;USA;CAN;BRA;IND;PAK/indicator/NY.GDP.PCAP.CD?format=json&source=2&per_page=10000&page=1,2c246a72450cbe0ef9fcf24da56fc00ced8728accd2f5473a5231d1d134d9859
world_bank,WDI:2:NY.GDP.PCAP.CD,ES,gdp_per_capita,1986,6508.8506547565,,numerical_variation,unexpected_revision_or_temporal_variation,1985,4696.29879620729,1812.55185854921,0.3859532660087596665536023549,required,retain_quarantine,https://api.worldbank.org/v2/country/PRT;ESP;DEU;FRA;GBR;IRL;NLD;CHE;ITA;USA;CAN;BRA;IND;PAK/indicator/NY.GDP.PCAP.CD?format=json&source=2&per_page=10000&page=1,2c246a72450cbe0ef9fcf24da56fc00ced8728accd2f5473a5231d1d134d9859
world_bank,WDI:2:NY.GDP.PCAP.CD,FR,gdp_per_capita,1986,13430.4824599685,,numerical_variation,unexpected_revision_or_temporal_variation,1985,9657.01938533723,3773.46307463127,0.3907482137149606622529218228,required,retain_quarantine,https://api.worldbank.org/v2/country/PRT;ESP;DEU;FRA;GBR;IRL;NLD;CHE;ITA;USA;CAN;BRA;IND;PAK/indicator/NY.GDP.PCAP.CD?format=json&source=2&per_page=10000&page=1,2c246a72450cbe0ef9fcf24da56fc00ced8728accd2f5473a5231d1d134d9859
world_bank,WDI:2:NY.GDP.PCAP.CD,GB,gdp_per_capita,1979,7804.76208051155,,numerical_variation,unexpected_revision_or_temporal_variation,1978,5976.93816899991,1827.82391151164,0.3058127522536309381633328432,required,retain_quarantine,https://api.worldbank.org/v2/country/PRT;ESP;DEU;FRA;GBR;IRL;NLD;CHE;ITA;USA;CAN;BRA;IND;PAK/indicator/NY.GDP.PCAP.CD?format=json&source=2&per_page=10000&page=1,2c246a72450cbe0ef9fcf24da56fc00ced8728accd2f5473a5231d1d134d9859
world_bank,WDI:2:NY.GDP.PCAP.CD,IE,gdp_per_capita,1986,8112.17136316453,,numerical_variation,unexpected_revision_or_temporal_variation,1985,6011.7355464232,2100.43581674133,0.3493892571490483301399902840,required,retain_quarantine,https://api.worldbank.org/v2/country/PRT;ESP;DEU;FRA;GBR;IRL;NLD;CHE;ITA;USA;CAN;BRA;IND;PAK/indicator/NY.GDP.PCAP.CD?format=json&source=2&per_page=10000&page=1,2c246a72450cbe0ef9fcf24da56fc00ced8728accd2f5473a5231d1d134d9859
world_bank,WDI:2:NY.GDP.PCAP.CD,IT,gdp_per_capita,1986,11341.0939892903,,numerical_variation,unexpected_revision_or_temporal_variation,1985,8009.10347642127,3331.99051286903,0.4160254044261484052622067111,required,retain_quarantine,https://api.worldbank.org/v2/country/PRT;ESP;DEU;FRA;GBR;IRL;NLD;CHE;ITA;USA;CAN;BRA;IND;PAK/indicator/NY.GDP.PCAP.CD?format=json&source=2&per_page=10000&page=1,2c246a72450cbe0ef9fcf24da56fc00ced8728accd2f5473a5231d1d134d9859
world_bank,WDI:2:NY.GDP.PCAP.CD,NL,gdp_per_capita,1973,5353.44265154981,,numerical_variation,unexpected_revision_or_temporal_variation,1972,4110.49164551948,1242.95100603033,0.3023849975185260451950331333,required,retain_quarantine,https://api.worldbank.org/v2/country/PRT;ESP;DEU;FRA;GBR;IRL;NLD;CHE;ITA;USA;CAN;BRA;IND;PAK/indicator/NY.GDP.PCAP.CD?format=json&source=2&per_page=10000&page=1,2c246a72450cbe0ef9fcf24da56fc00ced8728accd2f5473a5231d1d134d9859
world_bank,WDI:2:NY.GDP.PCAP.CD,NL,gdp_per_capita,1986,13804.1360603265,,numerical_variation,unexpected_revision_or_temporal_variation,1985,9940.73843593795,3863.39762438855,0.3886429211759078310446518906,required,retain_quarantine,https://api.worldbank.org/v2/country/PRT;ESP;DEU;FRA;GBR;IRL;NLD;CHE;ITA;USA;CAN;BRA;IND;PAK/indicator/NY.GDP.PCAP.CD?format=json&source=2&per_page=10000&page=1,2c246a72450cbe0ef9fcf24da56fc00ced8728accd2f5473a5231d1d134d9859
world_bank,WDI:2:NY.GDP.PCAP.CD,PK,gdp_per_capita,1973,97.5136425928243,,numerical_variation,unexpected_revision_or_temporal_variation,1972,148.073976270617,-50.5603336777927,0.3414532043455742567459236143,required,retain_quarantine,https://api.worldbank.org/v2/country/PRT;ESP;DEU;FRA;GBR;IRL;NLD;CHE;ITA;USA;CAN;BRA;IND;PAK/indicator/NY.GDP.PCAP.CD?format=json&source=2&per_page=10000&page=1,2c246a72450cbe0ef9fcf24da56fc00ced8728accd2f5473a5231d1d134d9859
world_bank,WDI:2:NY.GDP.PCAP.CD,PK,gdp_per_capita,1974,132.005156607293,,numerical_variation,unexpected_revision_or_temporal_variation,1973,97.5136425928243,34.4915140144687,0.3537096256212134789083362738,required,retain_quarantine,https://api.worldbank.org/v2/country/PRT;ESP;DEU;FRA;GBR;IRL;NLD;CHE;ITA;USA;CAN;BRA;IND;PAK/indicator/NY.GDP.PCAP.CD?format=json&source=2&per_page=10000&page=1,2c246a72450cbe0ef9fcf24da56fc00ced8728accd2f5473a5231d1d134d9859
world_bank,WDI:2:NY.GDP.PCAP.CD,PK,gdp_per_capita,2000,642.338346499898,,numerical_variation,unexpected_revision_or_temporal_variation,1999,418.249257055367,224.089089444531,0.5357788105164919267223788314,required,retain_quarantine,https://api.worldbank.org/v2/country/PRT;ESP;DEU;FRA;GBR;IRL;NLD;CHE;ITA;USA;CAN;BRA;IND;PAK/indicator/NY.GDP.PCAP.CD?format=json&source=2&per_page=10000&page=1,2c246a72450cbe0ef9fcf24da56fc00ced8728accd2f5473a5231d1d134d9859
world_bank,WDI:2:NY.GDP.PCAP.CD,PT,gdp_per_capita,1973,1747.98904060266,,numerical_variation,unexpected_revision_or_temporal_variation,1972,1302.2662677393,445.72277286336,0.3422670032274759095130021210,required,retain_quarantine,https://api.worldbank.org/v2/country/PRT;ESP;DEU;FRA;GBR;IRL;NLD;CHE;ITA;USA;CAN;BRA;IND;PAK/indicator/NY.GDP.PCAP.CD?format=json&source=2&per_page=10000&page=1,2c246a72450cbe0ef9fcf24da56fc00ced8728accd2f5473a5231d1d134d9859
world_bank,WDI:2:NY.GDP.PCAP.CD,PT,gdp_per_capita,1986,3861.9484333688,,numerical_variation,unexpected_revision_or_temporal_variation,1985,2705.19300197317,1156.75543139563,0.4276055093118648603597257621,required,retain_quarantine,https://api.worldbank.org/v2/country/PRT;ESP;DEU;FRA;GBR;IRL;NLD;CHE;ITA;USA;CAN;BRA;IND;PAK/indicator/NY.GDP.PCAP.CD?format=json&source=2&per_page=10000&page=1,2c246a72450cbe0ef9fcf24da56fc00ced8728accd2f5473a5231d1d134d9859
world_bank,WDI:2:NY.GDP.PCAP.CD,PT,gdp_per_capita,1990,7884.61798756332,,numerical_variation,unexpected_revision_or_temporal_variation,1989,6056.38102771889,1828.23695984443,0.3018695408160321161713398704,required,retain_quarantine,https://api.worldbank.org/v2/country/PRT;ESP;DEU;FRA;GBR;IRL;NLD;CHE;ITA;USA;CAN;BRA;IND;PAK/indicator/NY.GDP.PCAP.CD?format=json&source=2&per_page=10000&page=1,2c246a72450cbe0ef9fcf24da56fc00ced8728accd2f5473a5231d1d134d9859
world_bank,WDI:2:SE.PRM.CMPT.ZS,IN,primary_completion,1987,62.0545501708984,,numerical_variation,unexpected_revision_or_temporal_variation,1974,41.4041900634766,20.6503601074218,0.4987504906088686823197624733,required,retain_quarantine,https://api.worldbank.org/v2/country/PRT;ESP;DEU;FRA;GBR;IRL;NLD;CHE;ITA;USA;CAN;BRA;IND;PAK/indicator/SE.PRM.CMPT.ZS?format=json&source=2&per_page=10000&page=1,50253e8c968bc70748d65ecee5c88710668af8f09da972724fe106fb64dfae39
world_bank,WDI:2:SE.PRM.CMPT.ZS,IN,primary_completion,2008,97.7276763916016,,numerical_variation,unexpected_revision_or_temporal_variation,2003,82.5344009399414,15.1932754516602,0.1840841549539571581638755866,required,retain_quarantine,https://api.worldbank.org/v2/country/PRT;ESP;DEU;FRA;GBR;IRL;NLD;CHE;ITA;USA;CAN;BRA;IND;PAK/indicator/SE.PRM.CMPT.ZS?format=json&source=2&per_page=10000&page=1,50253e8c968bc70748d65ecee5c88710668af8f09da972724fe106fb64dfae39
world_bank,WDI:2:SE.ADT.LITR.ZS,BR,adult_literacy,2000,86.370002746582,,numerical_variation,unexpected_revision_or_temporal_variation,1980,74.5899963378906,11.7800064086914,0.1579301111013372356515812207,required,retain_quarantine,https://api.worldbank.org/v2/country/PRT;ESP;DEU;FRA;GBR;IRL;NLD;CHE;ITA;USA;CAN;BRA;IND;PAK/indicator/SE.ADT.LITR.ZS?format=json&source=2&per_page=10000&page=1,010a56b400521ae38ae9af180b9870f3317cbe8441a0ab5a4bb7bc0f813daa07
world_bank,WDI:2:SE.ADT.LITR.ZS,IN,adult_literacy,2001,61.0099983215332,,numerical_variation,unexpected_revision_or_temporal_variation,1991,48.2200012207031,12.7899971008301,0.2652425710710840157933932302,required,retain_quarantine,https://api.worldbank.org/v2/country/PRT;ESP;DEU;FRA;GBR;IRL;NLD;CHE;ITA;USA;CAN;BRA;IND;PAK/indicator/SE.ADT.LITR.ZS?format=json&source=2&per_page=10000&page=1,010a56b400521ae38ae9af180b9870f3317cbe8441a0ab5a4bb7bc0f813daa07
world_bank,WDI:2:SE.ADT.LITR.ZS,PK,adult_literacy,1998,42.7000007629395,,numerical_variation,unexpected_revision_or_temporal_variation,1981,25.7299995422363,16.9700012207032,0.6595414505486721611553516742,required,retain_quarantine,https://api.worldbank.org/v2/country/PRT;ESP;DEU;FRA;GBR;IRL;NLD;CHE;ITA;USA;CAN;BRA;IND;PAK/indicator/SE.ADT.LITR.ZS?format=json&source=2&per_page=10000&page=1,010a56b400521ae38ae9af180b9870f3317cbe8441a0ab5a4bb7bc0f813daa07
world_bank,WDI:2:IT.NET.USER.ZS,CA,internet_use,1999,36.2,,numerical_variation,unexpected_revision_or_temporal_variation,1998,24.9,11.3,0.4538152610441767068273092369,required,retain_quarantine,https://api.worldbank.org/v2/country/PRT;ESP;DEU;FRA;GBR;IRL;NLD;CHE;ITA;USA;CAN;BRA;IND;PAK/indicator/IT.NET.USER.ZS?format=json&source=2&per_page=10000&page=1,412fa101eb7c60b62996bbfbfdd691dfe72a91352f2ee90ef20e704a30ac79d3
world_bank,WDI:2:IT.NET.USER.ZS,CA,internet_use,2000,51.3,,numerical_variation,unexpected_revision_or_temporal_variation,1999,36.2,15.1,0.4171270718232044198895027624,required,retain_quarantine,https://api.worldbank.org/v2/country/PRT;ESP;DEU;FRA;GBR;IRL;NLD;CHE;ITA;USA;CAN;BRA;IND;PAK/indicator/IT.NET.USER.ZS?format=json&source=2&per_page=10000&page=1,412fa101eb7c60b62996bbfbfdd691dfe72a91352f2ee90ef20e704a30ac79d3
world_bank,WDI:2:IT.NET.USER.ZS,CH,internet_use,1997,15.1,,numerical_variation,unexpected_revision_or_temporal_variation,1996,4.55,10.55,2.318681318681318681318681319,required,retain_quarantine,https://api.worldbank.org/v2/country/PRT;ESP;DEU;FRA;GBR;IRL;NLD;CHE;ITA;USA;CAN;BRA;IND;PAK/indicator/IT.NET.USER.ZS?format=json&source=2&per_page=10000&page=1,412fa101eb7c60b62996bbfbfdd691dfe72a91352f2ee90ef20e704a30ac79d3
world_bank,WDI:2:IT.NET.USER.ZS,CH,internet_use,2000,47.1,,numerical_variation,unexpected_revision_or_temporal_variation,1999,34,13.1,0.3852941176470588235294117647,required,retain_quarantine,https://api.worldbank.org/v2/country/PRT;ESP;DEU;FRA;GBR;IRL;NLD;CHE;ITA;USA;CAN;BRA;IND;PAK/indicator/IT.NET.USER.ZS?format=json&source=2&per_page=10000&page=1,412fa101eb7c60b62996bbfbfdd691dfe72a91352f2ee90ef20e704a30ac79d3
world_bank,WDI:2:IT.NET.USER.ZS,DE,internet_use,1999,20.8,,numerical_variation,unexpected_revision_or_temporal_variation,1998,9.88,10.92,1.105263157894736842105263158,required,retain_quarantine,https://api.worldbank.org/v2/country/PRT;ESP;DEU;FRA;GBR;IRL;NLD;CHE;ITA;USA;CAN;BRA;IND;PAK/indicator/IT.NET.USER.ZS?format=json&source=2&per_page=10000&page=1,412fa101eb7c60b62996bbfbfdd691dfe72a91352f2ee90ef20e704a30ac79d3
world_bank,WDI:2:IT.NET.USER.ZS,DE,internet_use,2002,48.82,,numerical_variation,unexpected_revision_or_temporal_variation,2001,31.650939416316,17.169060583684,0.5424502684692316405514338874,required,retain_quarantine,https://api.worldbank.org/v2/country/PRT;ESP;DEU;FRA;GBR;IRL;NLD;CHE;ITA;USA;CAN;BRA;IND;PAK/indicator/IT.NET.USER.ZS?format=json&source=2&per_page=10000&page=1,412fa101eb7c60b62996bbfbfdd691dfe72a91352f2ee90ef20e704a30ac79d3
world_bank,WDI:2:IT.NET.USER.ZS,ES,internet_use,2003,39.93,,numerical_variation,unexpected_revision_or_temporal_variation,2002,20.39,19.54,0.9583128984796468857282981854,required,retain_quarantine,https://api.worldbank.org/v2/country/PRT;ESP;DEU;FRA;GBR;IRL;NLD;CHE;ITA;USA;CAN;BRA;IND;PAK/indicator/IT.NET.USER.ZS?format=json&source=2&per_page=10000&page=1,412fa101eb7c60b62996bbfbfdd691dfe72a91352f2ee90ef20e704a30ac79d3
world_bank,WDI:2:IT.NET.USER.ZS,FR,internet_use,2001,26.3259035521688,,numerical_variation,unexpected_revision_or_temporal_variation,2000,14.3079239430677,12.0179796091011,0.8399527182924329304265440133,required,retain_quarantine,https://api.worldbank.org/v2/country/PRT;ESP;DEU;FRA;GBR;IRL;NLD;CHE;ITA;USA;CAN;BRA;IND;PAK/indicator/IT.NET.USER.ZS?format=json&source=2&per_page=10000&page=1,412fa101eb7c60b62996bbfbfdd691dfe72a91352f2ee90ef20e704a30ac79d3
world_bank,WDI:2:IT.NET.USER.ZS,FR,internet_use,2007,66.09,,numerical_variation,unexpected_revision_or_temporal_variation,2006,46.87,19.22,0.4100704075101344143375293365,required,retain_quarantine,https://api.worldbank.org/v2/country/PRT;ESP;DEU;FRA;GBR;IRL;NLD;CHE;ITA;USA;CAN;BRA;IND;PAK/indicator/IT.NET.USER.ZS?format=json&source=2&per_page=10000&page=1,412fa101eb7c60b62996bbfbfdd691dfe72a91352f2ee90ef20e704a30ac79d3
world_bank,WDI:2:IT.NET.USER.ZS,GB,internet_use,2002,56.48,,numerical_variation,unexpected_revision_or_temporal_variation,2001,33.4810948744147,22.9989051255853,0.6869221335757573705923167123,required,retain_quarantine,https://api.worldbank.org/v2/country/PRT;ESP;DEU;FRA;GBR;IRL;NLD;CHE;ITA;USA;CAN;BRA;IND;PAK/indicator/IT.NET.USER.ZS?format=json&source=2&per_page=10000&page=1,412fa101eb7c60b62996bbfbfdd691dfe72a91352f2ee90ef20e704a30ac79d3
world_bank,WDI:2:IT.NET.USER.ZS,IE,internet_use,2006,54.82,,numerical_variation,unexpected_revision_or_temporal_variation,2005,41.61,13.21,0.3174717615957702475366498438,required,retain_quarantine,https://api.worldbank.org/v2/country/PRT;ESP;DEU;FRA;GBR;IRL;NLD;CHE;ITA;USA;CAN;BRA;IND;PAK/indicator/IT.NET.USER.ZS?format=json&source=2&per_page=10000&page=1,412fa101eb7c60b62996bbfbfdd691dfe72a91352f2ee90ef20e704a30ac79d3
world_bank,WDI:2:IT.NET.USER.ZS,IN,internet_use,2020,43.40544313,,numerical_variation,unexpected_revision_or_temporal_variation,2019,29.52350044,13.88194269,0.4701997555544602623685364052,required,retain_quarantine,https://api.worldbank.org/v2/country/PRT;ESP;DEU;FRA;GBR;IRL;NLD;CHE;ITA;USA;CAN;BRA;IND;PAK/indicator/IT.NET.USER.ZS?format=json&source=2&per_page=10000&page=1,412fa101eb7c60b62996bbfbfdd691dfe72a91352f2ee90ef20e704a30ac79d3
world_bank,WDI:2:IT.NET.USER.ZS,IT,internet_use,2018,74.3871829234822,,numerical_variation,unexpected_revision_or_temporal_variation,2017,63.0773469984291,11.3098359250531,0.1793010718306647242747668385,required,retain_quarantine,https://api.worldbank.org/v2/country/PRT;ESP;DEU;FRA;GBR;IRL;NLD;CHE;ITA;USA;CAN;BRA;IND;PAK/indicator/IT.NET.USER.ZS?format=json&source=2&per_page=10000&page=1,412fa101eb7c60b62996bbfbfdd691dfe72a91352f2ee90ef20e704a30ac79d3
world_bank,WDI:2:IT.NET.USER.ZS,IT,internet_use,2022,85.06074504,,numerical_variation,unexpected_revision_or_temporal_variation,2021,74.8623274,10.19841764,0.1362289684838198070769571078,required,retain_quarantine,https://api.worldbank.org/v2/country/PRT;ESP;DEU;FRA;GBR;IRL;NLD;CHE;ITA;USA;CAN;BRA;IND;PAK/indicator/IT.NET.USER.ZS?format=json&source=2&per_page=10000&page=1,412fa101eb7c60b62996bbfbfdd691dfe72a91352f2ee90ef20e704a30ac79d3
world_bank,WDI:2:IT.NET.USER.ZS,NL,internet_use,1999,39.2,,numerical_variation,unexpected_revision_or_temporal_variation,1998,22.2,17.0,0.7657657657657657657657657658,required,retain_quarantine,https://api.worldbank.org/v2/country/PRT;ESP;DEU;FRA;GBR;IRL;NLD;CHE;ITA;USA;CAN;BRA;IND;PAK/indicator/IT.NET.USER.ZS?format=json&source=2&per_page=10000&page=1,412fa101eb7c60b62996bbfbfdd691dfe72a91352f2ee90ef20e704a30ac79d3
world_bank,WDI:2:IT.NET.USER.ZS,NL,internet_use,2002,61.29,,numerical_variation,unexpected_revision_or_temporal_variation,2001,49.3730621073123,11.9169378926877,0.2413651773670883057005824272,required,retain_quarantine,https://api.worldbank.org/v2/country/PRT;ESP;DEU;FRA;GBR;IRL;NLD;CHE;ITA;USA;CAN;BRA;IND;PAK/indicator/IT.NET.USER.ZS?format=json&source=2&per_page=10000&page=1,412fa101eb7c60b62996bbfbfdd691dfe72a91352f2ee90ef20e704a30ac79d3
world_bank,WDI:2:IT.NET.USER.ZS,NL,internet_use,2005,81,,numerical_variation,unexpected_revision_or_temporal_variation,2004,68.52,12.48,0.1821366024518388791593695271,required,retain_quarantine,https://api.worldbank.org/v2/country/PRT;ESP;DEU;FRA;GBR;IRL;NLD;CHE;ITA;USA;CAN;BRA;IND;PAK/indicator/IT.NET.USER.ZS?format=json&source=2&per_page=10000&page=1,412fa101eb7c60b62996bbfbfdd691dfe72a91352f2ee90ef20e704a30ac79d3
world_bank,WDI:2:IT.NET.USER.ZS,PK,internet_use,2024,57.253,,numerical_variation,unexpected_revision_or_temporal_variation,2020,18.935,38.318,2.023659889094269870609981516,required,retain_quarantine,https://api.worldbank.org/v2/country/PRT;ESP;DEU;FRA;GBR;IRL;NLD;CHE;ITA;USA;CAN;BRA;IND;PAK/indicator/IT.NET.USER.ZS?format=json&source=2&per_page=10000&page=1,412fa101eb7c60b62996bbfbfdd691dfe72a91352f2ee90ef20e704a30ac79d3
world_bank,WDI:2:IT.NET.USER.ZS,PT,internet_use,2003,29.67,,numerical_variation,unexpected_revision_or_temporal_variation,2002,19.37,10.30,0.5317501290655653071760454311,required,retain_quarantine,https://api.worldbank.org/v2/country/PRT;ESP;DEU;FRA;GBR;IRL;NLD;CHE;ITA;USA;CAN;BRA;IND;PAK/indicator/IT.NET.USER.ZS?format=json&source=2&per_page=10000&page=1,412fa101eb7c60b62996bbfbfdd691dfe72a91352f2ee90ef20e704a30ac79d3
world_bank,WDI:2:IT.NET.USER.ZS,US,internet_use,2016,85.5444212887222,,numerical_variation,unexpected_revision_or_temporal_variation,2015,74.5542024462761,10.9902188424461,0.1474124661230957783868801398,required,retain_quarantine,https://api.worldbank.org/v2/country/PRT;ESP;DEU;FRA;GBR;IRL;NLD;CHE;ITA;USA;CAN;BRA;IND;PAK/indicator/IT.NET.USER.ZS?format=json&source=2&per_page=10000&page=1,412fa101eb7c60b62996bbfbfdd691dfe72a91352f2ee90ef20e704a30ac79d3
world_bank,WDI:2:FP.CPI.TOTL.ZG,BR,inflation_annual,1983,135.027682230473,,numerical_variation,unexpected_revision_or_temporal_variation,1982,100.54335919485,34.484323035623,0.3429796190596081161982598827,required,retain_quarantine,https://api.worldbank.org/v2/country/PRT;ESP;DEU;FRA;GBR;IRL;NLD;CHE;ITA;USA;CAN;BRA;IND;PAK/indicator/FP.CPI.TOTL.ZG?format=json&source=2&per_page=10000&page=1,afe57236386ee81db1f3644c647b546c78f4130d975383fd6f24132659da15ad
world_bank,WDI:2:FP.CPI.TOTL.ZG,BR,inflation_annual,1984,192.121733132051,,numerical_variation,unexpected_revision_or_temporal_variation,1983,135.027682230473,57.094050901578,0.4228321923213241277379512766,required,retain_quarantine,https://api.worldbank.org/v2/country/PRT;ESP;DEU;FRA;GBR;IRL;NLD;CHE;ITA;USA;CAN;BRA;IND;PAK/indicator/FP.CPI.TOTL.ZG?format=json&source=2&per_page=10000&page=1,afe57236386ee81db1f3644c647b546c78f4130d975383fd6f24132659da15ad
world_bank,WDI:2:FP.CPI.TOTL.ZG,BR,inflation_annual,1985,225.989665211895,,numerical_variation,unexpected_revision_or_temporal_variation,1984,192.121733132051,33.867932079844,0.1762837109977847205814634717,required,retain_quarantine,https://api.worldbank.org/v2/country/PRT;ESP;DEU;FRA;GBR;IRL;NLD;CHE;ITA;USA;CAN;BRA;IND;PAK/indicator/FP.CPI.TOTL.ZG?format=json&source=2&per_page=10000&page=1,afe57236386ee81db1f3644c647b546c78f4130d975383fd6f24132659da15ad
world_bank,WDI:2:FP.CPI.TOTL.ZG,BR,inflation_annual,1986,147.142826237604,,numerical_variation,unexpected_revision_or_temporal_variation,1985,225.989665211895,-78.846838974291,0.3488957731777766480714727249,required,retain_quarantine,https://api.worldbank.org/v2/country/PRT;ESP;DEU;FRA;GBR;IRL;NLD;CHE;ITA;USA;CAN;BRA;IND;PAK/indicator/FP.CPI.TOTL.ZG?format=json&source=2&per_page=10000&page=1,afe57236386ee81db1f3644c647b546c78f4130d975383fd6f24132659da15ad
world_bank,WDI:2:FP.CPI.TOTL.ZG,BR,inflation_annual,1987,228.336162575513,,numerical_variation,unexpected_revision_or_temporal_variation,1986,147.142826237604,81.193336337909,0.5517994890678478215412492228,required,retain_quarantine,https://api.worldbank.org/v2/country/PRT;ESP;DEU;FRA;GBR;IRL;NLD;CHE;ITA;USA;CAN;BRA;IND;PAK/indicator/FP.CPI.TOTL.ZG?format=json&source=2&per_page=10000&page=1,afe57236386ee81db1f3644c647b546c78f4130d975383fd6f24132659da15ad
world_bank,WDI:2:FP.CPI.TOTL.ZG,BR,inflation_annual,1988,629.114509120897,,numerical_variation,unexpected_revision_or_temporal_variation,1987,228.336162575513,400.778346545384,1.755211885952767927664758908,required,retain_quarantine,https://api.worldbank.org/v2/country/PRT;ESP;DEU;FRA;GBR;IRL;NLD;CHE;ITA;USA;CAN;BRA;IND;PAK/indicator/FP.CPI.TOTL.ZG?format=json&source=2&per_page=10000&page=1,afe57236386ee81db1f3644c647b546c78f4130d975383fd6f24132659da15ad
world_bank,WDI:2:FP.CPI.TOTL.ZG,BR,inflation_annual,1989,1430.7237251472,,numerical_variation,unexpected_revision_or_temporal_variation,1988,629.114509120897,801.609216026303,1.274186502464303639850679525,required,retain_quarantine,https://api.worldbank.org/v2/country/PRT;ESP;DEU;FRA;GBR;IRL;NLD;CHE;ITA;USA;CAN;BRA;IND;PAK/indicator/FP.CPI.TOTL.ZG?format=json&source=2&per_page=10000&page=1,afe57236386ee81db1f3644c647b546c78f4130d975383fd6f24132659da15ad
world_bank,WDI:2:FP.CPI.TOTL.ZG,BR,inflation_annual,1990,2947.732772483,,numerical_variation,unexpected_revision_or_temporal_variation,1989,1430.7237251472,1517.0090473358,1.060308863739379547408821595,required,retain_quarantine,https://api.worldbank.org/v2/country/PRT;ESP;DEU;FRA;GBR;IRL;NLD;CHE;ITA;USA;CAN;BRA;IND;PAK/indicator/FP.CPI.TOTL.ZG?format=json&source=2&per_page=10000&page=1,afe57236386ee81db1f3644c647b546c78f4130d975383fd6f24132659da15ad
world_bank,WDI:2:FP.CPI.TOTL.ZG,BR,inflation_annual,1991,432.786661926461,,numerical_variation,unexpected_revision_or_temporal_variation,1990,2947.732772483,-2514.946110556539,0.8531798180735676089536880329,required,retain_quarantine,https://api.worldbank.org/v2/country/PRT;ESP;DEU;FRA;GBR;IRL;NLD;CHE;ITA;USA;CAN;BRA;IND;PAK/indicator/FP.CPI.TOTL.ZG?format=json&source=2&per_page=10000&page=1,afe57236386ee81db1f3644c647b546c78f4130d975383fd6f24132659da15ad
world_bank,WDI:2:FP.CPI.TOTL.ZG,BR,inflation_annual,1992,951.962053052818,,numerical_variation,unexpected_revision_or_temporal_variation,1991,432.786661926461,519.175391126357,1.199610424256963702336632670,required,retain_quarantine,https://api.worldbank.org/v2/country/PRT;ESP;DEU;FRA;GBR;IRL;NLD;CHE;ITA;USA;CAN;BRA;IND;PAK/indicator/FP.CPI.TOTL.ZG?format=json&source=2&per_page=10000&page=1,afe57236386ee81db1f3644c647b546c78f4130d975383fd6f24132659da15ad
world_bank,WDI:2:FP.CPI.TOTL.ZG,BR,inflation_annual,1993,1927.38079016026,,numerical_variation,unexpected_revision_or_temporal_variation,1992,951.962053052818,975.418737107442,1.024640356177435305467391589,required,retain_quarantine,https://api.worldbank.org/v2/country/PRT;ESP;DEU;FRA;GBR;IRL;NLD;CHE;ITA;USA;CAN;BRA;IND;PAK/indicator/FP.CPI.TOTL.ZG?format=json&source=2&per_page=10000&page=1,afe57236386ee81db1f3644c647b546c78f4130d975383fd6f24132659da15ad
world_bank,WDI:2:FP.CPI.TOTL.ZG,BR,inflation_annual,1994,2075.88839757325,,numerical_variation,unexpected_revision_or_temporal_variation,1993,1927.38079016026,148.50760741299,0.07705151372845307045416703096,required,retain_quarantine,https://api.worldbank.org/v2/country/PRT;ESP;DEU;FRA;GBR;IRL;NLD;CHE;ITA;USA;CAN;BRA;IND;PAK/indicator/FP.CPI.TOTL.ZG?format=json&source=2&per_page=10000&page=1,afe57236386ee81db1f3644c647b546c78f4130d975383fd6f24132659da15ad
world_bank,WDI:2:FP.CPI.TOTL.ZG,BR,inflation_annual,1995,66.0070335542481,,numerical_variation,unexpected_revision_or_temporal_variation,1994,2075.88839757325,-2009.8813640190019,0.9682029950977078143282473366,required,retain_quarantine,https://api.worldbank.org/v2/country/PRT;ESP;DEU;FRA;GBR;IRL;NLD;CHE;ITA;USA;CAN;BRA;IND;PAK/indicator/FP.CPI.TOTL.ZG?format=json&source=2&per_page=10000&page=1,afe57236386ee81db1f3644c647b546c78f4130d975383fd6f24132659da15ad
world_bank,WDI:2:FP.CPI.TOTL.ZG,BR,inflation_annual,1996,15.7576656002606,,numerical_variation,unexpected_revision_or_temporal_variation,1995,66.0070335542481,-50.2493679539875,0.7612729318109696577687487941,required,retain_quarantine,https://api.worldbank.org/v2/country/PRT;ESP;DEU;FRA;GBR;IRL;NLD;CHE;ITA;USA;CAN;BRA;IND;PAK/indicator/FP.CPI.TOTL.ZG?format=json&source=2&per_page=10000&page=1,afe57236386ee81db1f3644c647b546c78f4130d975383fd6f24132659da15ad
world_bank,WDI:2:FP.CPI.TOTL.ZG,IN,inflation_annual,1964,13.3552611508153,,numerical_variation,unexpected_revision_or_temporal_variation,1963,2.94616135685225,10.40909979396305,3.533105805543652843033700380,required,retain_quarantine,https://api.worldbank.org/v2/country/PRT;ESP;DEU;FRA;GBR;IRL;NLD;CHE;ITA;USA;CAN;BRA;IND;PAK/indicator/FP.CPI.TOTL.ZG?format=json&source=2&per_page=10000&page=1,afe57236386ee81db1f3644c647b546c78f4130d975383fd6f24132659da15ad
world_bank,WDI:2:FP.CPI.TOTL.ZG,IN,inflation_annual,1973,16.9408159791736,,numerical_variation,unexpected_revision_or_temporal_variation,1972,6.44209746158235,10.49871851759125,1.629705011481227462690805011,required,retain_quarantine,https://api.worldbank.org/v2/country/PRT;ESP;DEU;FRA;GBR;IRL;NLD;CHE;ITA;USA;CAN;BRA;IND;PAK/indicator/FP.CPI.TOTL.ZG?format=json&source=2&per_page=10000&page=1,afe57236386ee81db1f3644c647b546c78f4130d975383fd6f24132659da15ad
world_bank,WDI:2:FP.CPI.TOTL.ZG,IN,inflation_annual,1974,28.5987340775089,,numerical_variation,unexpected_revision_or_temporal_variation,1973,16.9408159791736,11.6579180983353,0.6881556421288741147553213413,required,retain_quarantine,https://api.worldbank.org/v2/country/PRT;ESP;DEU;FRA;GBR;IRL;NLD;CHE;ITA;USA;CAN;BRA;IND;PAK/indicator/FP.CPI.TOTL.ZG?format=json&source=2&per_page=10000&page=1,afe57236386ee81db1f3644c647b546c78f4130d975383fd6f24132659da15ad
world_bank,WDI:2:FP.CPI.TOTL.ZG,IN,inflation_annual,1975,5.74843029767442,,numerical_variation,unexpected_revision_or_temporal_variation,1974,28.5987340775089,-22.85030377983448,0.7989970366487236318257215474,required,retain_quarantine,https://api.worldbank.org/v2/country/PRT;ESP;DEU;FRA;GBR;IRL;NLD;CHE;ITA;USA;CAN;BRA;IND;PAK/indicator/FP.CPI.TOTL.ZG?format=json&source=2&per_page=10000&page=1,afe57236386ee81db1f3644c647b546c78f4130d975383fd6f24132659da15ad
world_bank,WDI:2:FP.CPI.TOTL.ZG,IN,inflation_annual,1976,-7.63394763392881,,numerical_variation,unexpected_revision_or_temporal_variation,1975,5.74843029767442,-13.38237793160323,2.328005601288614957416249297,required,retain_quarantine,https://api.worldbank.org/v2/country/PRT;ESP;DEU;FRA;GBR;IRL;NLD;CHE;ITA;USA;CAN;BRA;IND;PAK/indicator/FP.CPI.TOTL.ZG?format=json&source=2&per_page=10000&page=1,afe57236386ee81db1f3644c647b546c78f4130d975383fd6f24132659da15ad
world_bank,WDI:2:FP.CPI.TOTL.ZG,IN,inflation_annual,1977,8.30747009171166,,numerical_variation,unexpected_revision_or_temporal_variation,1976,-7.63394763392881,15.94141772564047,2.088227282931494484007341187,required,retain_quarantine,https://api.worldbank.org/v2/country/PRT;ESP;DEU;FRA;GBR;IRL;NLD;CHE;ITA;USA;CAN;BRA;IND;PAK/indicator/FP.CPI.TOTL.ZG?format=json&source=2&per_page=10000&page=1,afe57236386ee81db1f3644c647b546c78f4130d975383fd6f24132659da15ad
world_bank,WDI:2:FP.CPI.TOTL.ZG,PK,inflation_annual,1973,23.0700840250844,,numerical_variation,unexpected_revision_or_temporal_variation,1972,5.18323764549138,17.88684637959302,3.450902235816223251589812880,required,retain_quarantine,https://api.worldbank.org/v2/country/PRT;ESP;DEU;FRA;GBR;IRL;NLD;CHE;ITA;USA;CAN;BRA;IND;PAK/indicator/FP.CPI.TOTL.ZG?format=json&source=2&per_page=10000&page=1,afe57236386ee81db1f3644c647b546c78f4130d975383fd6f24132659da15ad
world_bank,WDI:2:FP.CPI.TOTL.ZG,PK,inflation_annual,1976,7.15832373118465,,numerical_variation,unexpected_revision_or_temporal_variation,1975,20.9045094573998,-13.74618572621515,0.6575703560147048023440888446,required,retain_quarantine,https://api.worldbank.org/v2/country/PRT;ESP;DEU;FRA;GBR;IRL;NLD;CHE;ITA;USA;CAN;BRA;IND;PAK/indicator/FP.CPI.TOTL.ZG?format=json&source=2&per_page=10000&page=1,afe57236386ee81db1f3644c647b546c78f4130d975383fd6f24132659da15ad
world_bank,WDI:2:FP.CPI.TOTL.ZG,PK,inflation_annual,2008,20.2861210929554,,numerical_variation,unexpected_revision_or_temporal_variation,2007,7.59868441050774,12.68743668244766,1.669688593054740684218307464,required,retain_quarantine,https://api.worldbank.org/v2/country/PRT;ESP;DEU;FRA;GBR;IRL;NLD;CHE;ITA;USA;CAN;BRA;IND;PAK/indicator/FP.CPI.TOTL.ZG?format=json&source=2&per_page=10000&page=1,afe57236386ee81db1f3644c647b546c78f4130d975383fd6f24132659da15ad
world_bank,WDI:2:FP.CPI.TOTL.ZG,PK,inflation_annual,2022,19.8738599646655,,numerical_variation,unexpected_revision_or_temporal_variation,2021,9.49641577285205,10.37744419181345,1.092774836320882939613650236,required,retain_quarantine,https://api.worldbank.org/v2/country/PRT;ESP;DEU;FRA;GBR;IRL;NLD;CHE;ITA;USA;CAN;BRA;IND;PAK/indicator/FP.CPI.TOTL.ZG?format=json&source=2&per_page=10000&page=1,afe57236386ee81db1f3644c647b546c78f4130d975383fd6f24132659da15ad
world_bank,WDI:2:FP.CPI.TOTL.ZG,PK,inflation_annual,2023,30.7681280657005,,numerical_variation,unexpected_revision_or_temporal_variation,2022,19.8738599646655,10.8942681010350,0.5481707187433311023342336534,required,retain_quarantine,https://api.worldbank.org/v2/country/PRT;ESP;DEU;FRA;GBR;IRL;NLD;CHE;ITA;USA;CAN;BRA;IND;PAK/indicator/FP.CPI.TOTL.ZG?format=json&source=2&per_page=10000&page=1,afe57236386ee81db1f3644c647b546c78f4130d975383fd6f24132659da15ad
world_bank,WDI:2:FP.CPI.TOTL.ZG,PK,inflation_annual,2024,12.6325318530452,,numerical_variation,unexpected_revision_or_temporal_variation,2023,30.7681280657005,-18.1355962126553,0.5894280007522584941331575586,required,retain_quarantine,https://api.worldbank.org/v2/country/PRT;ESP;DEU;FRA;GBR;IRL;NLD;CHE;ITA;USA;CAN;BRA;IND;PAK/indicator/FP.CPI.TOTL.ZG?format=json&source=2&per_page=10000&page=1,afe57236386ee81db1f3644c647b546c78f4130d975383fd6f24132659da15ad
world_bank,WDI:2:FP.CPI.TOTL.ZG,PT,inflation_annual,1974,25.0827778589527,,numerical_variation,unexpected_revision_or_temporal_variation,1973,12.9746085239333,12.1081693350194,0.9332203983406787372731156842,required,retain_quarantine,https://api.worldbank.org/v2/country/PRT;ESP;DEU;FRA;GBR;IRL;NLD;CHE;ITA;USA;CAN;BRA;IND;PAK/indicator/FP.CPI.TOTL.ZG?format=json&source=2&per_page=10000&page=1,afe57236386ee81db1f3644c647b546c78f4130d975383fd6f24132659da15ad
world_bank,WDI:2:PA.NUS.PRVT.PP,BR,ppp_private_consumption,1995,0.837503155889495,,numerical_variation,unexpected_revision_or_temporal_variation,1994,0.518651900394073,0.318851255495422,0.6147692802304551963113291004,required,retain_quarantine,https://api.worldbank.org/v2/country/PRT;ESP;DEU;FRA;GBR;IRL;NLD;CHE;ITA;USA;CAN;BRA;IND;PAK/indicator/PA.NUS.PRVT.PP?format=json&source=2&per_page=10000&page=1,9a4cbbb775d2dfd5b29e7e3c6cb73faf4f9f14b3d15e680c22d44b0b1aba4322
world_bank,WDI:2:VC.IHR.PSRC.P5,CH,intentional_homicides,2009,0.659115273445603,,numerical_variation,unexpected_revision_or_temporal_variation,2002,1.18152122781488,-0.522405954369277,0.4421469052531718330671136869,required,retain_quarantine,https://api.worldbank.org/v2/country/PRT;ESP;DEU;FRA;GBR;IRL;NLD;CHE;ITA;USA;CAN;BRA;IND;PAK/indicator/VC.IHR.PSRC.P5?format=json&source=2&per_page=10000&page=1,0672242f3e7e0669bf807d501168cf53ec7918c9cf8ebd256dbae6861656b6c1
world_bank,WDI:2:VC.IHR.PSRC.P5,CH,intentional_homicides,2015,0.688078876533782,,numerical_variation,unexpected_revision_or_temporal_variation,2014,0.500596106180341,0.187482770353441,0.3745190344846587016839523020,required,retain_quarantine,https://api.worldbank.org/v2/country/PRT;ESP;DEU;FRA;GBR;IRL;NLD;CHE;ITA;USA;CAN;BRA;IND;PAK/indicator/VC.IHR.PSRC.P5?format=json&source=2&per_page=10000&page=1,0672242f3e7e0669bf807d501168cf53ec7918c9cf8ebd256dbae6861656b6c1
world_bank,WDI:2:VC.IHR.PSRC.P5,DE,intentional_homicides,1994,2.38340932371506,,numerical_variation,unexpected_revision_or_temporal_variation,1993,1.65425621686023,0.72915310685483,0.4407739861717182714068174258,required,retain_quarantine,https://api.worldbank.org/v2/country/PRT;ESP;DEU;FRA;GBR;IRL;NLD;CHE;ITA;USA;CAN;BRA;IND;PAK/indicator/VC.IHR.PSRC.P5?format=json&source=2&per_page=10000&page=1,0672242f3e7e0669bf807d501168cf53ec7918c9cf8ebd256dbae6861656b6c1
world_bank,WDI:2:VC.IHR.PSRC.P5,DE,intentional_homicides,2016,1.163604165425,,numerical_variation,unexpected_revision_or_temporal_variation,2015,0.83092148321361,0.33268268221139,0.4003780007284578238114877627,required,retain_quarantine,https://api.worldbank.org/v2/country/PRT;ESP;DEU;FRA;GBR;IRL;NLD;CHE;ITA;USA;CAN;BRA;IND;PAK/indicator/VC.IHR.PSRC.P5?format=json&source=2&per_page=10000&page=1,0672242f3e7e0669bf807d501168cf53ec7918c9cf8ebd256dbae6861656b6c1
world_bank,WDI:2:VC.IHR.PSRC.P5,IE,intentional_homicides,1991,0.650772721871057,,numerical_variation,unexpected_revision_or_temporal_variation,1990,0.483776690956051,0.166996030915006,0.3451923873905220047764270056,required,retain_quarantine,https://api.worldbank.org/v2/country/PRT;ESP;DEU;FRA;GBR;IRL;NLD;CHE;ITA;USA;CAN;BRA;IND;PAK/indicator/VC.IHR.PSRC.P5?format=json&source=2&per_page=10000&page=1,0672242f3e7e0669bf807d501168cf53ec7918c9cf8ebd256dbae6861656b6c1
world_bank,WDI:2:VC.IHR.PSRC.P5,IE,intentional_homicides,1995,1.19090580018207,,numerical_variation,unexpected_revision_or_temporal_variation,1994,0.696348473945356,0.494557326236714,0.7102152797645435836015829620,required,retain_quarantine,https://api.worldbank.org/v2/country/PRT;ESP;DEU;FRA;GBR;IRL;NLD;CHE;ITA;USA;CAN;BRA;IND;PAK/indicator/VC.IHR.PSRC.P5?format=json&source=2&per_page=10000&page=1,0672242f3e7e0669bf807d501168cf53ec7918c9cf8ebd256dbae6861656b6c1
world_bank,WDI:2:VC.IHR.PSRC.P5,IE,intentional_homicides,2001,1.34611068498654,,numerical_variation,unexpected_revision_or_temporal_variation,2000,0.973022299304289,0.373088385682251,0.3834325132620385136435681653,required,retain_quarantine,https://api.worldbank.org/v2/country/PRT;ESP;DEU;FRA;GBR;IRL;NLD;CHE;ITA;USA;CAN;BRA;IND;PAK/indicator/VC.IHR.PSRC.P5?format=json&source=2&per_page=10000&page=1,0672242f3e7e0669bf807d501168cf53ec7918c9cf8ebd256dbae6861656b6c1
world_bank,WDI:2:VC.IHR.PSRC.P5,IE,intentional_homicides,2005,1.25141867559474,,numerical_variation,unexpected_revision_or_temporal_variation,2004,0.737814168958707,0.513604506636033,0.6961163504909292850146144902,required,retain_quarantine,https://api.worldbank.org/v2/country/PRT;ESP;DEU;FRA;GBR;IRL;NLD;CHE;ITA;USA;CAN;BRA;IND;PAK/indicator/VC.IHR.PSRC.P5?format=json&source=2&per_page=10000&page=1,0672242f3e7e0669bf807d501168cf53ec7918c9cf8ebd256dbae6861656b6c1
world_bank,WDI:2:VC.IHR.PSRC.P5,IE,intentional_homicides,2008,1.13687038975372,,numerical_variation,unexpected_revision_or_temporal_variation,2007,1.77534469569112,-0.63847430593740,0.3596339952951219724525863426,required,retain_quarantine,https://api.worldbank.org/v2/country/PRT;ESP;DEU;FRA;GBR;IRL;NLD;CHE;ITA;USA;CAN;BRA;IND;PAK/indicator/VC.IHR.PSRC.P5?format=json&source=2&per_page=10000&page=1,0672242f3e7e0669bf807d501168cf53ec7918c9cf8ebd256dbae6861656b6c1
world_bank,WDI:2:VC.IHR.PSRC.P5,IE,intentional_homicides,2015,0.574164266695474,,numerical_variation,unexpected_revision_or_temporal_variation,2014,1.00896508411924,-0.434800817423766,0.4309374271393330209511055098,required,retain_quarantine,https://api.worldbank.org/v2/country/PRT;ESP;DEU;FRA;GBR;IRL;NLD;CHE;ITA;USA;CAN;BRA;IND;PAK/indicator/VC.IHR.PSRC.P5?format=json&source=2&per_page=10000&page=1,0672242f3e7e0669bf807d501168cf53ec7918c9cf8ebd256dbae6861656b6c1
world_bank,WDI:2:VC.IHR.PSRC.P5,IE,intentional_homicides,2022,0.861054139659655,,numerical_variation,unexpected_revision_or_temporal_variation,2021,0.437512696568737,0.423541443090918,0.9680666330659869292340485402,required,retain_quarantine,https://api.worldbank.org/v2/country/PRT;ESP;DEU;FRA;GBR;IRL;NLD;CHE;ITA;USA;CAN;BRA;IND;PAK/indicator/VC.IHR.PSRC.P5?format=json&source=2&per_page=10000&page=1,0672242f3e7e0669bf807d501168cf53ec7918c9cf8ebd256dbae6861656b6c1
world_bank,WDI:2:VC.IHR.PSRC.P5,NL,intentional_homicides,1991,1.16792443990765,,numerical_variation,unexpected_revision_or_temporal_variation,1990,0.898151125968822,0.269773313938828,0.3003651681089055219993115684,required,retain_quarantine,https://api.worldbank.org/v2/country/PRT;ESP;DEU;FRA;GBR;IRL;NLD;CHE;ITA;USA;CAN;BRA;IND;PAK/indicator/VC.IHR.PSRC.P5?format=json&source=2&per_page=10000&page=1,0672242f3e7e0669bf807d501168cf53ec7918c9cf8ebd256dbae6861656b6c1
world_bank,WDI:2:VC.IHR.PSRC.P5,NL,intentional_homicides,2017,0.762328497745067,,numerical_variation,unexpected_revision_or_temporal_variation,2016,0.546362553519554,0.215965944225513,0.3952795498781995199121597315,required,retain_quarantine,https://api.worldbank.org/v2/country/PRT;ESP;DEU;FRA;GBR;IRL;NLD;CHE;ITA;USA;CAN;BRA;IND;PAK/indicator/VC.IHR.PSRC.P5?format=json&source=2&per_page=10000&page=1,0672242f3e7e0669bf807d501168cf53ec7918c9cf8ebd256dbae6861656b6c1
world_bank,WDI:2:VC.IHR.PSRC.P5,PT,intentional_homicides,2014,0.884088459392736,,numerical_variation,unexpected_revision_or_temporal_variation,2013,1.37689714793445,-0.492808688541714,0.3579124913440340453138925607,required,retain_quarantine,https://api.worldbank.org/v2/country/PRT;ESP;DEU;FRA;GBR;IRL;NLD;CHE;ITA;USA;CAN;BRA;IND;PAK/indicator/VC.IHR.PSRC.P5?format=json&source=2&per_page=10000&page=1,0672242f3e7e0669bf807d501168cf53ec7918c9cf8ebd256dbae6861656b6c1
world_bank,WDI:2:VC.IHR.PSRC.P5,PT,intentional_homicides,2016,0.637904765071273,,numerical_variation,unexpected_revision_or_temporal_variation,2015,0.96429532624377,-0.326390561172497,0.3384757265638626274286506365,required,retain_quarantine,https://api.worldbank.org/v2/country/PRT;ESP;DEU;FRA;GBR;IRL;NLD;CHE;ITA;USA;CAN;BRA;IND;PAK/indicator/VC.IHR.PSRC.P5?format=json&source=2&per_page=10000&page=1,0672242f3e7e0669bf807d501168cf53ec7918c9cf8ebd256dbae6861656b6c1
world_bank,WDI:2:VC.IHR.PSRC.FE.P5,CH,intentional_homicides_female,2002,1.32510570969883,,numerical_variation,unexpected_revision_or_temporal_variation,2001,0.993306047843202,0.331799661855628,0.3340356807210380809698818314,required,retain_quarantine,https://api.worldbank.org/v2/country/PRT;ESP;DEU;FRA;GBR;IRL;NLD;CHE;ITA;USA;CAN;BRA;IND;PAK/indicator/VC.IHR.PSRC.FE.P5?format=json&source=2&per_page=10000&page=1,7feded08a845bd4668a9b51943ef26f5c027a81644e27ef25bb9622d06d5cec4
world_bank,WDI:2:VC.IHR.PSRC.FE.P5,CH,intentional_homicides_female,2007,0.678147830850507,,numerical_variation,unexpected_revision_or_temporal_variation,2006,0.987753984627013,-0.309606153776506,0.3134446011811501438394638810,required,retain_quarantine,https://api.worldbank.org/v2/country/PRT;ESP;DEU;FRA;GBR;IRL;NLD;CHE;ITA;USA;CAN;BRA;IND;PAK/indicator/VC.IHR.PSRC.FE.P5?format=json&source=2&per_page=10000&page=1,7feded08a845bd4668a9b51943ef26f5c027a81644e27ef25bb9622d06d5cec4
world_bank,WDI:2:VC.IHR.PSRC.FE.P5,CH,intentional_homicides_female,2013,0.781444025530753,,numerical_variation,unexpected_revision_or_temporal_variation,2012,0.419490102377793,0.361953923152960,0.8628425822237496138441496818,required,retain_quarantine,https://api.worldbank.org/v2/country/PRT;ESP;DEU;FRA;GBR;IRL;NLD;CHE;ITA;USA;CAN;BRA;IND;PAK/indicator/VC.IHR.PSRC.FE.P5?format=json&source=2&per_page=10000&page=1,7feded08a845bd4668a9b51943ef26f5c027a81644e27ef25bb9622d06d5cec4
world_bank,WDI:2:VC.IHR.PSRC.FE.P5,CH,intentional_homicides_female,2018,0.652147533473219,,numerical_variation,unexpected_revision_or_temporal_variation,2017,0.469177446311732,0.182970087161487,0.3899805683325996396522053814,required,retain_quarantine,https://api.worldbank.org/v2/country/PRT;ESP;DEU;FRA;GBR;IRL;NLD;CHE;ITA;USA;CAN;BRA;IND;PAK/indicator/VC.IHR.PSRC.FE.P5?format=json&source=2&per_page=10000&page=1,7feded08a845bd4668a9b51943ef26f5c027a81644e27ef25bb9622d06d5cec4
world_bank,WDI:2:VC.IHR.PSRC.FE.P5,CH,intentional_homicides_female,2023,0.627051985632895,,numerical_variation,unexpected_revision_or_temporal_variation,2022,0.451777495969015,0.175274489663880,0.3879664021067156894624883787,required,retain_quarantine,https://api.worldbank.org/v2/country/PRT;ESP;DEU;FRA;GBR;IRL;NLD;CHE;ITA;USA;CAN;BRA;IND;PAK/indicator/VC.IHR.PSRC.FE.P5?format=json&source=2&per_page=10000&page=1,7feded08a845bd4668a9b51943ef26f5c027a81644e27ef25bb9622d06d5cec4
world_bank,WDI:2:VC.IHR.PSRC.FE.P5,DE,intentional_homicides_female,2016,1.11884274921611,,numerical_variation,unexpected_revision_or_temporal_variation,2015,0.784629826344743,0.334212922871367,0.4259498067111761639621497077,required,retain_quarantine,https://api.worldbank.org/v2/country/PRT;ESP;DEU;FRA;GBR;IRL;NLD;CHE;ITA;USA;CAN;BRA;IND;PAK/indicator/VC.IHR.PSRC.FE.P5?format=json&source=2&per_page=10000&page=1,7feded08a845bd4668a9b51943ef26f5c027a81644e27ef25bb9622d06d5cec4
world_bank,WDI:2:VC.IHR.PSRC.FE.P5,ES,intentional_homicides_female,2005,0.580587655911399,,numerical_variation,unexpected_revision_or_temporal_variation,2004,0.855708195293042,-0.275120539381643,0.3215121006144231808037647720,required,retain_quarantine,https://api.worldbank.org/v2/country/PRT;ESP;DEU;FRA;GBR;IRL;NLD;CHE;ITA;USA;CAN;BRA;IND;PAK/indicator/VC.IHR.PSRC.FE.P5?format=json&source=2&per_page=10000&page=1,7feded08a845bd4668a9b51943ef26f5c027a81644e27ef25bb9622d06d5cec4
world_bank,WDI:2:VC.IHR.PSRC.FE.P5,GB,intentional_homicides_female,2006,1.46886568470629,,numerical_variation,unexpected_revision_or_temporal_variation,2005,1.00399949800572,0.46486618670057,0.4630143616843935492198475869,required,retain_quarantine,https://api.worldbank.org/v2/country/PRT;ESP;DEU;FRA;GBR;IRL;NLD;CHE;ITA;USA;CAN;BRA;IND;PAK/indicator/VC.IHR.PSRC.FE.P5?format=json&source=2&per_page=10000&page=1,7feded08a845bd4668a9b51943ef26f5c027a81644e27ef25bb9622d06d5cec4
world_bank,WDI:2:VC.IHR.PSRC.FE.P5,GB,intentional_homicides_female,2019,0.685855436270445,,numerical_variation,unexpected_revision_or_temporal_variation,2018,1.48443980157752,-0.798584365307075,0.5379701921616600837980347769,required,retain_quarantine,https://api.worldbank.org/v2/country/PRT;ESP;DEU;FRA;GBR;IRL;NLD;CHE;ITA;USA;CAN;BRA;IND;PAK/indicator/VC.IHR.PSRC.FE.P5?format=json&source=2&per_page=10000&page=1,7feded08a845bd4668a9b51943ef26f5c027a81644e27ef25bb9622d06d5cec4
world_bank,WDI:2:VC.IHR.PSRC.FE.P5,IE,intentional_homicides_female,1991,0.431591037843216,,numerical_variation,unexpected_revision_or_temporal_variation,1990,0.131201030180199,0.300390007663017,2.289540007806677890663239845,required,retain_quarantine,https://api.worldbank.org/v2/country/PRT;ESP;DEU;FRA;GBR;IRL;NLD;CHE;ITA;USA;CAN;BRA;IND;PAK/indicator/VC.IHR.PSRC.FE.P5?format=json&source=2&per_page=10000&page=1,7feded08a845bd4668a9b51943ef26f5c027a81644e27ef25bb9622d06d5cec4
world_bank,WDI:2:VC.IHR.PSRC.FE.P5,IE,intentional_homicides_female,1992,0.299589598201216,,numerical_variation,unexpected_revision_or_temporal_variation,1991,0.431591037843216,-0.132001439642000,0.3058484260971891164181720067,required,retain_quarantine,https://api.worldbank.org/v2/country/PRT;ESP;DEU;FRA;GBR;IRL;NLD;CHE;ITA;USA;CAN;BRA;IND;PAK/indicator/VC.IHR.PSRC.FE.P5?format=json&source=2&per_page=10000&page=1,7feded08a845bd4668a9b51943ef26f5c027a81644e27ef25bb9622d06d5cec4
world_bank,WDI:2:VC.IHR.PSRC.FE.P5,IE,intentional_homicides_female,1996,0.972747558980574,,numerical_variation,unexpected_revision_or_temporal_variation,1995,0.35054443320868,0.622203125771894,1.774962221127313933680847039,required,retain_quarantine,https://api.worldbank.org/v2/country/PRT;ESP;DEU;FRA;GBR;IRL;NLD;CHE;ITA;USA;CAN;BRA;IND;PAK/indicator/VC.IHR.PSRC.FE.P5?format=json&source=2&per_page=10000&page=1,7feded08a845bd4668a9b51943ef26f5c027a81644e27ef25bb9622d06d5cec4
world_bank,WDI:2:VC.IHR.PSRC.FE.P5,IE,intentional_homicides_female,1997,0.616622520460779,,numerical_variation,unexpected_revision_or_temporal_variation,1996,0.972747558980574,-0.356125038519795,0.3661022176123568166973294286,required,retain_quarantine,https://api.worldbank.org/v2/country/PRT;ESP;DEU;FRA;GBR;IRL;NLD;CHE;ITA;USA;CAN;BRA;IND;PAK/indicator/VC.IHR.PSRC.FE.P5?format=json&source=2&per_page=10000&page=1,7feded08a845bd4668a9b51943ef26f5c027a81644e27ef25bb9622d06d5cec4
world_bank,WDI:2:VC.IHR.PSRC.FE.P5,IE,intentional_homicides_female,1998,0.347331023864938,,numerical_variation,unexpected_revision_or_temporal_variation,1997,0.616622520460779,-0.269291496595841,0.4367201775157506626979337787,required,retain_quarantine,https://api.worldbank.org/v2/country/PRT;ESP;DEU;FRA;GBR;IRL;NLD;CHE;ITA;USA;CAN;BRA;IND;PAK/indicator/VC.IHR.PSRC.FE.P5?format=json&source=2&per_page=10000&page=1,7feded08a845bd4668a9b51943ef26f5c027a81644e27ef25bb9622d06d5cec4
world_bank,WDI:2:VC.IHR.PSRC.FE.P5,IE,intentional_homicides_female,2002,0.550751277110425,,numerical_variation,unexpected_revision_or_temporal_variation,2001,0.401551740070411,0.149199537040014,0.3715574411752076308009833440,required,retain_quarantine,https://api.worldbank.org/v2/country/PRT;ESP;DEU;FRA;GBR;IRL;NLD;CHE;ITA;USA;CAN;BRA;IND;PAK/indicator/VC.IHR.PSRC.FE.P5?format=json&source=2&per_page=10000&page=1,7feded08a845bd4668a9b51943ef26f5c027a81644e27ef25bb9622d06d5cec4
world_bank,WDI:2:VC.IHR.PSRC.FE.P5,IE,intentional_homicides_female,2004,0.244873092071303,,numerical_variation,unexpected_revision_or_temporal_variation,2003,0.409426015985817,-0.164552923914514,0.4019112550000103250147766537,required,retain_quarantine,https://api.worldbank.org/v2/country/PRT;ESP;DEU;FRA;GBR;IRL;NLD;CHE;ITA;USA;CAN;BRA;IND;PAK/indicator/VC.IHR.PSRC.FE.P5?format=json&source=2&per_page=10000&page=1,7feded08a845bd4668a9b51943ef26f5c027a81644e27ef25bb9622d06d5cec4
world_bank,WDI:2:VC.IHR.PSRC.FE.P5,IE,intentional_homicides_female,2005,0.394480619356825,,numerical_variation,unexpected_revision_or_temporal_variation,2004,0.244873092071303,0.149607527285522,0.6109594403371962119285727748,required,retain_quarantine,https://api.worldbank.org/v2/country/PRT;ESP;DEU;FRA;GBR;IRL;NLD;CHE;ITA;USA;CAN;BRA;IND;PAK/indicator/VC.IHR.PSRC.FE.P5?format=json&source=2&per_page=10000&page=1,7feded08a845bd4668a9b51943ef26f5c027a81644e27ef25bb9622d06d5cec4
world_bank,WDI:2:VC.IHR.PSRC.FE.P5,IE,intentional_homicides_female,2006,0.761118912207956,,numerical_variation,unexpected_revision_or_temporal_variation,2005,0.394480619356825,0.366638292851131,0.9294202930651216705960349345,required,retain_quarantine,https://api.worldbank.org/v2/country/PRT;ESP;DEU;FRA;GBR;IRL;NLD;CHE;ITA;USA;CAN;BRA;IND;PAK/indicator/VC.IHR.PSRC.FE.P5?format=json&source=2&per_page=10000&page=1,7feded08a845bd4668a9b51943ef26f5c027a81644e27ef25bb9622d06d5cec4
world_bank,WDI:2:VC.IHR.PSRC.FE.P5,IE,intentional_homicides_female,2007,0.507360978457353,,numerical_variation,unexpected_revision_or_temporal_variation,2006,0.761118912207956,-0.253757933750603,0.3334011672558074957703209672,required,retain_quarantine,https://api.worldbank.org/v2/country/PRT;ESP;DEU;FRA;GBR;IRL;NLD;CHE;ITA;USA;CAN;BRA;IND;PAK/indicator/VC.IHR.PSRC.FE.P5?format=json&source=2&per_page=10000&page=1,7feded08a845bd4668a9b51943ef26f5c027a81644e27ef25bb9622d06d5cec4
world_bank,WDI:2:VC.IHR.PSRC.FE.P5,IE,intentional_homicides_female,2012,0.517019863041438,,numerical_variation,unexpected_revision_or_temporal_variation,2011,0.346576002384443,0.170443860656995,0.4917936022238735161479743593,required,retain_quarantine,https://api.worldbank.org/v2/country/PRT;ESP;DEU;FRA;GBR;IRL;NLD;CHE;ITA;USA;CAN;BRA;IND;PAK/indicator/VC.IHR.PSRC.FE.P5?format=json&source=2&per_page=10000&page=1,7feded08a845bd4668a9b51943ef26f5c027a81644e27ef25bb9622d06d5cec4
world_bank,WDI:2:VC.IHR.PSRC.FE.P5,IE,intentional_homicides_female,2015,0.294604859128374,,numerical_variation,unexpected_revision_or_temporal_variation,2014,0.467419679770777,-0.172814820642403,0.3697208913564604979392436894,required,retain_quarantine,https://api.worldbank.org/v2/country/PRT;ESP;DEU;FRA;GBR;IRL;NLD;CHE;ITA;USA;CAN;BRA;IND;PAK/indicator/VC.IHR.PSRC.FE.P5?format=json&source=2&per_page=10000&page=1,7feded08a845bd4668a9b51943ef26f5c027a81644e27ef25bb9622d06d5cec4
world_bank,WDI:2:VC.IHR.PSRC.FE.P5,IE,intentional_homicides_female,2016,0.0833031359465527,,numerical_variation,unexpected_revision_or_temporal_variation,2015,0.294604859128374,-0.2113017231818213,0.7172377394147006327562887242,required,retain_quarantine,https://api.worldbank.org/v2/country/PRT;ESP;DEU;FRA;GBR;IRL;NLD;CHE;ITA;USA;CAN;BRA;IND;PAK/indicator/VC.IHR.PSRC.FE.P5?format=json&source=2&per_page=10000&page=1,7feded08a845bd4668a9b51943ef26f5c027a81644e27ef25bb9622d06d5cec4
world_bank,WDI:2:VC.IHR.PSRC.FE.P5,IE,intentional_homicides_female,2017,0.61756147206893,,numerical_variation,unexpected_revision_or_temporal_variation,2016,0.0833031359465527,0.5342583361223773,6.413424057230660555372420600,required,retain_quarantine,https://api.worldbank.org/v2/country/PRT;ESP;DEU;FRA;GBR;IRL;NLD;CHE;ITA;USA;CAN;BRA;IND;PAK/indicator/VC.IHR.PSRC.FE.P5?format=json&source=2&per_page=10000&page=1,7feded08a845bd4668a9b51943ef26f5c027a81644e27ef25bb9622d06d5cec4
world_bank,WDI:2:VC.IHR.PSRC.FE.P5,IE,intentional_homicides_female,2018,0.40657405858285,,numerical_variation,unexpected_revision_or_temporal_variation,2017,0.61756147206893,-0.21098741348608,0.3416460110104315906239872271,required,retain_quarantine,https://api.worldbank.org/v2/country/PRT;ESP;DEU;FRA;GBR;IRL;NLD;CHE;ITA;USA;CAN;BRA;IND;PAK/indicator/VC.IHR.PSRC.FE.P5?format=json&source=2&per_page=10000&page=1,7feded08a845bd4668a9b51943ef26f5c027a81644e27ef25bb9622d06d5cec4
world_bank,WDI:2:VC.IHR.PSRC.FE.P5,IE,intentional_homicides_female,2019,0.281113659874961,,numerical_variation,unexpected_revision_or_temporal_variation,2018,0.40657405858285,-0.125460398707889,0.3085794483425537901228870914,required,retain_quarantine,https://api.worldbank.org/v2/country/PRT;ESP;DEU;FRA;GBR;IRL;NLD;CHE;ITA;USA;CAN;BRA;IND;PAK/indicator/VC.IHR.PSRC.FE.P5?format=json&source=2&per_page=10000&page=1,7feded08a845bd4668a9b51943ef26f5c027a81644e27ef25bb9622d06d5cec4
world_bank,WDI:2:VC.IHR.PSRC.FE.P5,IE,intentional_homicides_female,2022,0.426365926230555,,numerical_variation,unexpected_revision_or_temporal_variation,2021,0.275720432873202,0.150645493357353,0.5463704368498205522972015149,required,retain_quarantine,https://api.worldbank.org/v2/country/PRT;ESP;DEU;FRA;GBR;IRL;NLD;CHE;ITA;USA;CAN;BRA;IND;PAK/indicator/VC.IHR.PSRC.FE.P5?format=json&source=2&per_page=10000&page=1,7feded08a845bd4668a9b51943ef26f5c027a81644e27ef25bb9622d06d5cec4
world_bank,WDI:2:VC.IHR.PSRC.FE.P5,IT,intentional_homicides_female,2005,0.451660197821513,,numerical_variation,unexpected_revision_or_temporal_variation,2003,0.663535844678439,-0.211875646856926,0.3193130387094680921728580755,required,retain_quarantine,https://api.worldbank.org/v2/country/PRT;ESP;DEU;FRA;GBR;IRL;NLD;CHE;ITA;USA;CAN;BRA;IND;PAK/indicator/VC.IHR.PSRC.FE.P5?format=json&source=2&per_page=10000&page=1,7feded08a845bd4668a9b51943ef26f5c027a81644e27ef25bb9622d06d5cec4
world_bank,WDI:2:VC.IHR.PSRC.FE.P5,IT,intentional_homicides_female,2006,0.58918481311616,,numerical_variation,unexpected_revision_or_temporal_variation,2005,0.451660197821513,0.137524615294647,0.3044869039998825710877163466,required,retain_quarantine,https://api.worldbank.org/v2/country/PRT;ESP;DEU;FRA;GBR;IRL;NLD;CHE;ITA;USA;CAN;BRA;IND;PAK/indicator/VC.IHR.PSRC.FE.P5?format=json&source=2&per_page=10000&page=1,7feded08a845bd4668a9b51943ef26f5c027a81644e27ef25bb9622d06d5cec4
world_bank,WDI:2:VC.IHR.PSRC.FE.P5,NL,intentional_homicides_female,1991,0.768296342577349,,numerical_variation,unexpected_revision_or_temporal_variation,1990,0.564367082988014,0.203929259589335,0.3613415199724999543575265258,required,retain_quarantine,https://api.worldbank.org/v2/country/PRT;ESP;DEU;FRA;GBR;IRL;NLD;CHE;ITA;USA;CAN;BRA;IND;PAK/indicator/VC.IHR.PSRC.FE.P5?format=json&source=2&per_page=10000&page=1,7feded08a845bd4668a9b51943ef26f5c027a81644e27ef25bb9622d06d5cec4
world_bank,WDI:2:VC.IHR.PSRC.FE.P5,NL,intentional_homicides_female,1995,0.95135324925823,,numerical_variation,unexpected_revision_or_temporal_variation,1994,0.650170067279216,0.301183181979014,0.4632375391247758984815530930,required,retain_quarantine,https://api.worldbank.org/v2/country/PRT;ESP;DEU;FRA;GBR;IRL;NLD;CHE;ITA;USA;CAN;BRA;IND;PAK/indicator/VC.IHR.PSRC.FE.P5?format=json&source=2&per_page=10000&page=1,7feded08a845bd4668a9b51943ef26f5c027a81644e27ef25bb9622d06d5cec4
world_bank,WDI:2:VC.IHR.PSRC.FE.P5,NL,intentional_homicides_female,2014,0.348504913919286,,numerical_variation,unexpected_revision_or_temporal_variation,2013,0.652728580303682,-0.304223666384396,0.4660798922621956068754211953,required,retain_quarantine,https://api.worldbank.org/v2/country/PRT;ESP;DEU;FRA;GBR;IRL;NLD;CHE;ITA;USA;CAN;BRA;IND;PAK/indicator/VC.IHR.PSRC.FE.P5?format=json&source=2&per_page=10000&page=1,7feded08a845bd4668a9b51943ef26f5c027a81644e27ef25bb9622d06d5cec4
world_bank,WDI:2:VC.IHR.PSRC.FE.P5,NL,intentional_homicides_female,2015,0.485959586212355,,numerical_variation,unexpected_revision_or_temporal_variation,2014,0.348504913919286,0.137454672293069,0.3944124366777324850403874070,required,retain_quarantine,https://api.worldbank.org/v2/country/PRT;ESP;DEU;FRA;GBR;IRL;NLD;CHE;ITA;USA;CAN;BRA;IND;PAK/indicator/VC.IHR.PSRC.FE.P5?format=json&source=2&per_page=10000&page=1,7feded08a845bd4668a9b51943ef26f5c027a81644e27ef25bb9622d06d5cec4
world_bank,WDI:2:VC.IHR.PSRC.FE.P5,NL,intentional_homicides_female,2017,0.492243107194179,,numerical_variation,unexpected_revision_or_temporal_variation,2016,0.368451140788059,0.123791966406120,0.3359793272490579547329793504,required,retain_quarantine,https://api.worldbank.org/v2/country/PRT;ESP;DEU;FRA;GBR;IRL;NLD;CHE;ITA;USA;CAN;BRA;IND;PAK/indicator/VC.IHR.PSRC.FE.P5?format=json&source=2&per_page=10000&page=1,7feded08a845bd4668a9b51943ef26f5c027a81644e27ef25bb9622d06d5cec4
world_bank,WDI:2:VC.IHR.PSRC.FE.P5,PT,intentional_homicides_female,2001,0.468256925065949,,numerical_variation,unexpected_revision_or_temporal_variation,2000,0.674293765563646,-0.206036840497697,0.3055594623887255301292077198,required,retain_quarantine,https://api.worldbank.org/v2/country/PRT;ESP;DEU;FRA;GBR;IRL;NLD;CHE;ITA;USA;CAN;BRA;IND;PAK/indicator/VC.IHR.PSRC.FE.P5?format=json&source=2&per_page=10000&page=1,7feded08a845bd4668a9b51943ef26f5c027a81644e27ef25bb9622d06d5cec4
world_bank,WDI:2:VC.IHR.PSRC.FE.P5,PT,intentional_homicides_female,2002,0.691762313752903,,numerical_variation,unexpected_revision_or_temporal_variation,2001,0.468256925065949,0.223505388686954,0.4773135787697654376253223359,required,retain_quarantine,https://api.worldbank.org/v2/country/PRT;ESP;DEU;FRA;GBR;IRL;NLD;CHE;ITA;USA;CAN;BRA;IND;PAK/indicator/VC.IHR.PSRC.FE.P5?format=json&source=2&per_page=10000&page=1,7feded08a845bd4668a9b51943ef26f5c027a81644e27ef25bb9622d06d5cec4
world_bank,WDI:2:VC.IHR.PSRC.FE.P5,PT,intentional_homicides_female,2008,0.655668561893122,,numerical_variation,unexpected_revision_or_temporal_variation,2007,0.94297759716411,-0.287309035270988,0.3046827794584249376001643054,required,retain_quarantine,https://api.worldbank.org/v2/country/PRT;ESP;DEU;FRA;GBR;IRL;NLD;CHE;ITA;USA;CAN;BRA;IND;PAK/indicator/VC.IHR.PSRC.FE.P5?format=json&source=2&per_page=10000&page=1,7feded08a845bd4668a9b51943ef26f5c027a81644e27ef25bb9622d06d5cec4
world_bank,WDI:2:VC.IHR.PSRC.FE.P5,PT,intentional_homicides_female,2015,0.582522441500536,,numerical_variation,unexpected_revision_or_temporal_variation,2014,0.881016112036602,-0.298493670536066,0.3388061426550449029319682254,required,retain_quarantine,https://api.worldbank.org/v2/country/PRT;ESP;DEU;FRA;GBR;IRL;NLD;CHE;ITA;USA;CAN;BRA;IND;PAK/indicator/VC.IHR.PSRC.FE.P5?format=json&source=2&per_page=10000&page=1,7feded08a845bd4668a9b51943ef26f5c027a81644e27ef25bb9622d06d5cec4
world_bank,WDI:2:VC.IHR.PSRC.FE.P5,PT,intentional_homicides_female,2016,0.336430759881219,,numerical_variation,unexpected_revision_or_temporal_variation,2015,0.582522441500536,-0.246091681619317,0.4224587141834441448367747974,required,retain_quarantine,https://api.worldbank.org/v2/country/PRT;ESP;DEU;FRA;GBR;IRL;NLD;CHE;ITA;USA;CAN;BRA;IND;PAK/indicator/VC.IHR.PSRC.FE.P5?format=json&source=2&per_page=10000&page=1,7feded08a845bd4668a9b51943ef26f5c027a81644e27ef25bb9622d06d5cec4
world_bank,WDI:2:VC.IHR.PSRC.FE.P5,PT,intentional_homicides_female,2017,0.441058388841109,,numerical_variation,unexpected_revision_or_temporal_variation,2016,0.336430759881219,0.104627628959890,0.3109930524688945379587400454,required,retain_quarantine,https://api.worldbank.org/v2/country/PRT;ESP;DEU;FRA;GBR;IRL;NLD;CHE;ITA;USA;CAN;BRA;IND;PAK/indicator/VC.IHR.PSRC.FE.P5?format=json&source=2&per_page=10000&page=1,7feded08a845bd4668a9b51943ef26f5c027a81644e27ef25bb9622d06d5cec4
world_bank,WDI:2:VC.IHR.PSRC.MA.P5,CH,intentional_homicides_male,1994,1.14596713751768,,numerical_variation,unexpected_revision_or_temporal_variation,1993,1.81429130338524,-0.66832416586756,0.3683665156860703330489912319,required,retain_quarantine,https://api.worldbank.org/v2/country/PRT;ESP;DEU;FRA;GBR;IRL;NLD;CHE;ITA;USA;CAN;BRA;IND;PAK/indicator/VC.IHR.PSRC.MA.P5?format=json&source=2&per_page=10000&page=1,08b99a1b53c8fe215fd2946d122b25f7437000382fb851904294f55a170831a0
world_bank,WDI:2:VC.IHR.PSRC.MA.P5,CH,intentional_homicides_male,2000,0.862145421141919,,numerical_variation,unexpected_revision_or_temporal_variation,1999,1.47269242118357,-0.610547000041651,0.4145787614979155085580681820,required,retain_quarantine,https://api.worldbank.org/v2/country/PRT;ESP;DEU;FRA;GBR;IRL;NLD;CHE;ITA;USA;CAN;BRA;IND;PAK/indicator/VC.IHR.PSRC.MA.P5?format=json&source=2&per_page=10000&page=1,08b99a1b53c8fe215fd2946d122b25f7437000382fb851904294f55a170831a0
world_bank,WDI:2:VC.IHR.PSRC.MA.P5,CH,intentional_homicides_male,2001,1.3960288532846,,numerical_variation,unexpected_revision_or_temporal_variation,2000,0.862145421141919,0.533883432142681,0.6192498609289692892619580560,required,retain_quarantine,https://api.worldbank.org/v2/country/PRT;ESP;DEU;FRA;GBR;IRL;NLD;CHE;ITA;USA;CAN;BRA;IND;PAK/indicator/VC.IHR.PSRC.MA.P5?format=json&source=2&per_page=10000&page=1,08b99a1b53c8fe215fd2946d122b25f7437000382fb851904294f55a170831a0
world_bank,WDI:2:VC.IHR.PSRC.MA.P5,CH,intentional_homicides_male,2006,0.609262940540182,,numerical_variation,unexpected_revision_or_temporal_variation,2005,1.03049438998854,-0.421231449448358,0.4087663683962825480125334773,required,retain_quarantine,https://api.worldbank.org/v2/country/PRT;ESP;DEU;FRA;GBR;IRL;NLD;CHE;ITA;USA;CAN;BRA;IND;PAK/indicator/VC.IHR.PSRC.MA.P5?format=json&source=2&per_page=10000&page=1,08b99a1b53c8fe215fd2946d122b25f7437000382fb851904294f55a170831a0
world_bank,WDI:2:VC.IHR.PSRC.MA.P5,CH,intentional_homicides_male,2014,0.419880242745118,,numerical_variation,unexpected_revision_or_temporal_variation,2013,0.625591340214338,-0.205711097469220,0.3288266384869393427984255587,required,retain_quarantine,https://api.worldbank.org/v2/country/PRT;ESP;DEU;FRA;GBR;IRL;NLD;CHE;ITA;USA;CAN;BRA;IND;PAK/indicator/VC.IHR.PSRC.MA.P5?format=json&source=2&per_page=10000&page=1,08b99a1b53c8fe215fd2946d122b25f7437000382fb851904294f55a170831a0
world_bank,WDI:2:VC.IHR.PSRC.MA.P5,CH,intentional_homicides_male,2015,0.658788290696921,,numerical_variation,unexpected_revision_or_temporal_variation,2014,0.419880242745118,0.238908047951803,0.5689909255788168749187372522,required,retain_quarantine,https://api.worldbank.org/v2/country/PRT;ESP;DEU;FRA;GBR;IRL;NLD;CHE;ITA;USA;CAN;BRA;IND;PAK/indicator/VC.IHR.PSRC.MA.P5?format=json&source=2&per_page=10000&page=1,08b99a1b53c8fe215fd2946d122b25f7437000382fb851904294f55a170831a0
world_bank,WDI:2:VC.IHR.PSRC.MA.P5,DE,intentional_homicides_male,1994,3.19237629346899,,numerical_variation,unexpected_revision_or_temporal_variation,1993,1.99787280849644,1.19450348497255,0.5978876532543180063234667985,required,retain_quarantine,https://api.worldbank.org/v2/country/PRT;ESP;DEU;FRA;GBR;IRL;NLD;CHE;ITA;USA;CAN;BRA;IND;PAK/indicator/VC.IHR.PSRC.MA.P5?format=json&source=2&per_page=10000&page=1,08b99a1b53c8fe215fd2946d122b25f7437000382fb851904294f55a170831a0
world_bank,WDI:2:VC.IHR.PSRC.MA.P5,DE,intentional_homicides_male,2016,1.2095454190426,,numerical_variation,unexpected_revision_or_temporal_variation,2015,0.878672700285212,0.330872718757388,0.3765596890059161482759674262,required,retain_quarantine,https://api.worldbank.org/v2/country/PRT;ESP;DEU;FRA;GBR;IRL;NLD;CHE;ITA;USA;CAN;BRA;IND;PAK/indicator/VC.IHR.PSRC.MA.P5?format=json&source=2&per_page=10000&page=1,08b99a1b53c8fe215fd2946d122b25f7437000382fb851904294f55a170831a0
world_bank,WDI:2:VC.IHR.PSRC.MA.P5,GB,intentional_homicides_male,2016,1.79621820941097,,numerical_variation,unexpected_revision_or_temporal_variation,2015,1.31923230971458,0.47698589969639,0.3615632335442022172108460540,required,retain_quarantine,https://api.worldbank.org/v2/country/PRT;ESP;DEU;FRA;GBR;IRL;NLD;CHE;ITA;USA;CAN;BRA;IND;PAK/indicator/VC.IHR.PSRC.MA.P5?format=json&source=2&per_page=10000&page=1,08b99a1b53c8fe215fd2946d122b25f7437000382fb851904294f55a170831a0
world_bank,WDI:2:VC.IHR.PSRC.MA.P5,IE,intentional_homicides_male,1995,2.04244797529798,,numerical_variation,unexpected_revision_or_temporal_variation,1994,1.12070905020188,0.92173892509610,0.8224604993865818022829715400,required,retain_quarantine,https://api.worldbank.org/v2/country/PRT;ESP;DEU;FRA;GBR;IRL;NLD;CHE;ITA;USA;CAN;BRA;IND;PAK/indicator/VC.IHR.PSRC.MA.P5?format=json&source=2&per_page=10000&page=1,08b99a1b53c8fe215fd2946d122b25f7437000382fb851904294f55a170831a0
world_bank,WDI:2:VC.IHR.PSRC.MA.P5,IE,intentional_homicides_male,1996,1.3383993593998,,numerical_variation,unexpected_revision_or_temporal_variation,1995,2.04244797529798,-0.70404861589818,0.3447082248425269403307194752,required,retain_quarantine,https://api.worldbank.org/v2/country/PRT;ESP;DEU;FRA;GBR;IRL;NLD;CHE;ITA;USA;CAN;BRA;IND;PAK/indicator/VC.IHR.PSRC.MA.P5?format=json&source=2&per_page=10000&page=1,08b99a1b53c8fe215fd2946d122b25f7437000382fb851904294f55a170831a0
world_bank,WDI:2:VC.IHR.PSRC.MA.P5,IE,intentional_homicides_male,2001,2.30146421548578,,numerical_variation,unexpected_revision_or_temporal_variation,2000,1.54537145864034,0.75609275684544,0.4892627934973453242151893652,required,retain_quarantine,https://api.worldbank.org/v2/country/PRT;ESP;DEU;FRA;GBR;IRL;NLD;CHE;ITA;USA;CAN;BRA;IND;PAK/indicator/VC.IHR.PSRC.MA.P5?format=json&source=2&per_page=10000&page=1,08b99a1b53c8fe215fd2946d122b25f7437000382fb851904294f55a170831a0
world_bank,WDI:2:VC.IHR.PSRC.MA.P5,IE,intentional_homicides_male,2003,1.44997868839239,,numerical_variation,unexpected_revision_or_temporal_variation,2002,2.10606034110649,-0.65608165271410,0.3115208239329958245766023257,required,retain_quarantine,https://api.worldbank.org/v2/country/PRT;ESP;DEU;FRA;GBR;IRL;NLD;CHE;ITA;USA;CAN;BRA;IND;PAK/indicator/VC.IHR.PSRC.MA.P5?format=json&source=2&per_page=10000&page=1,08b99a1b53c8fe215fd2946d122b25f7437000382fb851904294f55a170831a0
world_bank,WDI:2:VC.IHR.PSRC.MA.P5,IE,intentional_homicides_male,2005,2.11142180987575,,numerical_variation,unexpected_revision_or_temporal_variation,2004,1.23506162092945,0.87636018894630,0.7095679876173239306951164693,required,retain_quarantine,https://api.worldbank.org/v2/country/PRT;ESP;DEU;FRA;GBR;IRL;NLD;CHE;ITA;USA;CAN;BRA;IND;PAK/indicator/VC.IHR.PSRC.MA.P5?format=json&source=2&per_page=10000&page=1,08b99a1b53c8fe215fd2946d122b25f7437000382fb851904294f55a170831a0
world_bank,WDI:2:VC.IHR.PSRC.MA.P5,IE,intentional_homicides_male,2007,3.04273056721602,,numerical_variation,unexpected_revision_or_temporal_variation,2006,2.14308650440447,0.89964406281155,0.4197889637037992181069347681,required,retain_quarantine,https://api.worldbank.org/v2/country/PRT;ESP;DEU;FRA;GBR;IRL;NLD;CHE;ITA;USA;CAN;BRA;IND;PAK/indicator/VC.IHR.PSRC.MA.P5?format=json&source=2&per_page=10000&page=1,08b99a1b53c8fe215fd2946d122b25f7437000382fb851904294f55a170831a0
world_bank,WDI:2:VC.IHR.PSRC.MA.P5,IE,intentional_homicides_male,2008,1.83392789155713,,numerical_variation,unexpected_revision_or_temporal_variation,2007,3.04273056721602,-1.20880267565889,0.3972756210106691712047586123,required,retain_quarantine,https://api.worldbank.org/v2/country/PRT;ESP;DEU;FRA;GBR;IRL;NLD;CHE;ITA;USA;CAN;BRA;IND;PAK/indicator/VC.IHR.PSRC.MA.P5?format=json&source=2&per_page=10000&page=1,08b99a1b53c8fe215fd2946d122b25f7437000382fb851904294f55a170831a0
world_bank,WDI:2:VC.IHR.PSRC.MA.P5,IE,intentional_homicides_male,2015,0.859688887188615,,numerical_variation,unexpected_revision_or_temporal_variation,2014,1.56189463024965,-0.702205743061035,0.4495858615947708903083080881,required,retain_quarantine,https://api.worldbank.org/v2/country/PRT;ESP;DEU;FRA;GBR;IRL;NLD;CHE;ITA;USA;CAN;BRA;IND;PAK/indicator/VC.IHR.PSRC.MA.P5?format=json&source=2&per_page=10000&page=1,08b99a1b53c8fe215fd2946d122b25f7437000382fb851904294f55a170831a0
world_bank,WDI:2:VC.IHR.PSRC.MA.P5,IE,intentional_homicides_male,2016,1.31767258216645,,numerical_variation,unexpected_revision_or_temporal_variation,2015,0.859688887188615,0.457983694977835,0.5327319008107101104455569315,required,retain_quarantine,https://api.worldbank.org/v2/country/PRT;ESP;DEU;FRA;GBR;IRL;NLD;CHE;ITA;USA;CAN;BRA;IND;PAK/indicator/VC.IHR.PSRC.MA.P5?format=json&source=2&per_page=10000&page=1,08b99a1b53c8fe215fd2946d122b25f7437000382fb851904294f55a170831a0
world_bank,WDI:2:VC.IHR.PSRC.MA.P5,IE,intentional_homicides_male,2021,0.602501102577018,,numerical_variation,unexpected_revision_or_temporal_variation,2020,1.0133098245454,-0.410808721968382,0.4054127494053288547554174730,required,retain_quarantine,https://api.worldbank.org/v2/country/PRT;ESP;DEU;FRA;GBR;IRL;NLD;CHE;ITA;USA;CAN;BRA;IND;PAK/indicator/VC.IHR.PSRC.MA.P5?format=json&source=2&per_page=10000&page=1,08b99a1b53c8fe215fd2946d122b25f7437000382fb851904294f55a170831a0
world_bank,WDI:2:VC.IHR.PSRC.MA.P5,IE,intentional_homicides_male,2022,1.30431070736327,,numerical_variation,unexpected_revision_or_temporal_variation,2021,0.602501102577018,0.701809604786252,1.164827087924771635321961819,required,retain_quarantine,https://api.worldbank.org/v2/country/PRT;ESP;DEU;FRA;GBR;IRL;NLD;CHE;ITA;USA;CAN;BRA;IND;PAK/indicator/VC.IHR.PSRC.MA.P5?format=json&source=2&per_page=10000&page=1,08b99a1b53c8fe215fd2946d122b25f7437000382fb851904294f55a170831a0
world_bank,WDI:2:VC.IHR.PSRC.MA.P5,IE,intentional_homicides_male,2023,0.894041504905081,,numerical_variation,unexpected_revision_or_temporal_variation,2022,1.30431070736327,-0.410269202458189,0.3145486732126648895798991747,required,retain_quarantine,https://api.worldbank.org/v2/country/PRT;ESP;DEU;FRA;GBR;IRL;NLD;CHE;ITA;USA;CAN;BRA;IND;PAK/indicator/VC.IHR.PSRC.MA.P5?format=json&source=2&per_page=10000&page=1,08b99a1b53c8fe215fd2946d122b25f7437000382fb851904294f55a170831a0
world_bank,WDI:2:VC.IHR.PSRC.MA.P5,IT,intentional_homicides_male,1993,3.15588883374684,,numerical_variation,unexpected_revision_or_temporal_variation,1992,4.54710030041194,-1.39121146666510,0.3059557464652945064354719822,required,retain_quarantine,https://api.worldbank.org/v2/country/PRT;ESP;DEU;FRA;GBR;IRL;NLD;CHE;ITA;USA;CAN;BRA;IND;PAK/indicator/VC.IHR.PSRC.MA.P5?format=json&source=2&per_page=10000&page=1,08b99a1b53c8fe215fd2946d122b25f7437000382fb851904294f55a170831a0
world_bank,WDI:2:VC.IHR.PSRC.MA.P5,NL,intentional_homicides_male,2006,0.970355814123308,,numerical_variation,unexpected_revision_or_temporal_variation,2005,1.43929478983897,-0.468938975715662,0.3258116259617166029820862650,required,retain_quarantine,https://api.worldbank.org/v2/country/PRT;ESP;DEU;FRA;GBR;IRL;NLD;CHE;ITA;USA;CAN;BRA;IND;PAK/indicator/VC.IHR.PSRC.MA.P5?format=json&source=2&per_page=10000&page=1,08b99a1b53c8fe215fd2946d122b25f7437000382fb851904294f55a170831a0
world_bank,WDI:2:VC.IHR.PSRC.MA.P5,NL,intentional_homicides_male,2014,1.10426539130742,,numerical_variation,unexpected_revision_or_temporal_variation,2013,0.822633827919071,0.281631563388349,0.3423534917118133947328328762,required,retain_quarantine,https://api.worldbank.org/v2/country/PRT;ESP;DEU;FRA;GBR;IRL;NLD;CHE;ITA;USA;CAN;BRA;IND;PAK/indicator/VC.IHR.PSRC.MA.P5?format=json&source=2&per_page=10000&page=1,08b99a1b53c8fe215fd2946d122b25f7437000382fb851904294f55a170831a0
world_bank,WDI:2:VC.IHR.PSRC.MA.P5,NL,intentional_homicides_male,2015,0.732450226758321,,numerical_variation,unexpected_revision_or_temporal_variation,2014,1.10426539130742,-0.371815164549099,0.3367081568216857920433344033,required,retain_quarantine,https://api.worldbank.org/v2/country/PRT;ESP;DEU;FRA;GBR;IRL;NLD;CHE;ITA;USA;CAN;BRA;IND;PAK/indicator/VC.IHR.PSRC.MA.P5?format=json&source=2&per_page=10000&page=1,08b99a1b53c8fe215fd2946d122b25f7437000382fb851904294f55a170831a0
world_bank,WDI:2:VC.IHR.PSRC.MA.P5,NL,intentional_homicides_male,2017,1.0373142930604,,numerical_variation,unexpected_revision_or_temporal_variation,2016,0.727726179644137,0.309588113416263,0.4254184088411573584248965470,required,retain_quarantine,https://api.worldbank.org/v2/country/PRT;ESP;DEU;FRA;GBR;IRL;NLD;CHE;ITA;USA;CAN;BRA;IND;PAK/indicator/VC.IHR.PSRC.MA.P5?format=json&source=2&per_page=10000&page=1,08b99a1b53c8fe215fd2946d122b25f7437000382fb851904294f55a170831a0
world_bank,WDI:2:VC.IHR.PSRC.MA.P5,PT,intentional_homicides_male,2003,2.29546127619968,,numerical_variation,unexpected_revision_or_temporal_variation,2002,1.62633198790141,0.66912928829827,0.4114346229896778857924993004,required,retain_quarantine,https://api.worldbank.org/v2/country/PRT;ESP;DEU;FRA;GBR;IRL;NLD;CHE;ITA;USA;CAN;BRA;IND;PAK/indicator/VC.IHR.PSRC.MA.P5?format=json&source=2&per_page=10000&page=1,08b99a1b53c8fe215fd2946d122b25f7437000382fb851904294f55a170831a0
world_bank,WDI:2:VC.IHR.PSRC.MA.P5,PT,intentional_homicides_male,2008,1.73537950695885,,numerical_variation,unexpected_revision_or_temporal_variation,2007,2.63102859503829,-0.89564908807944,0.3404178463770764911288323498,required,retain_quarantine,https://api.worldbank.org/v2/country/PRT;ESP;DEU;FRA;GBR;IRL;NLD;CHE;ITA;USA;CAN;BRA;IND;PAK/indicator/VC.IHR.PSRC.MA.P5?format=json&source=2&per_page=10000&page=1,08b99a1b53c8fe215fd2946d122b25f7437000382fb851904294f55a170831a0
world_bank,WDI:2:VC.IHR.PSRC.MA.P5,PT,intentional_homicides_male,2014,0.887480937154343,,numerical_variation,unexpected_revision_or_temporal_variation,2013,1.84862074567671,-0.961139808522367,0.5199226562669186855184909527,required,retain_quarantine,https://api.worldbank.org/v2/country/PRT;ESP;DEU;FRA;GBR;IRL;NLD;CHE;ITA;USA;CAN;BRA;IND;PAK/indicator/VC.IHR.PSRC.MA.P5?format=json&source=2&per_page=10000&page=1,08b99a1b53c8fe215fd2946d122b25f7437000382fb851904294f55a170831a0
world_bank,WDI:2:VC.IHR.PSRC.MA.P5,PT,intentional_homicides_male,2015,1.38670253208054,,numerical_variation,unexpected_revision_or_temporal_variation,2014,0.887480937154343,0.499221594926197,0.5625152879642942718325981679,required,retain_quarantine,https://api.worldbank.org/v2/country/PRT;ESP;DEU;FRA;GBR;IRL;NLD;CHE;ITA;USA;CAN;BRA;IND;PAK/indicator/VC.IHR.PSRC.MA.P5?format=json&source=2&per_page=10000&page=1,08b99a1b53c8fe215fd2946d122b25f7437000382fb851904294f55a170831a0
world_bank,WDI:2:VC.IHR.PSRC.MA.P5,US,intentional_homicides_male,2020,10.0875422412531,,numerical_variation,unexpected_revision_or_temporal_variation,2019,7.7021584126352,2.3853838286179,0.3097032936513921791138350957,required,retain_quarantine,https://api.worldbank.org/v2/country/PRT;ESP;DEU;FRA;GBR;IRL;NLD;CHE;ITA;USA;CAN;BRA;IND;PAK/indicator/VC.IHR.PSRC.MA.P5?format=json&source=2&per_page=10000&page=1,08b99a1b53c8fe215fd2946d122b25f7437000382fb851904294f55a170831a0
world_bank,WDI:2:GOV_WGI_PV_SC,NL,political_stability,2002,83.5480052,,numerical_variation,unexpected_revision_or_temporal_variation,2000,94.6678503,-11.1198451,0.1174616838215032331836946761,required,retain_quarantine,https://api.worldbank.org/v2/country/PRT;ESP;DEU;FRA;GBR;IRL;NLD;CHE;ITA;USA;CAN;BRA;IND;PAK/indicator/GOV_WGI_PV_SC?format=json&source=2&per_page=10000&page=1,ed03d769127abf26c5e3c0cecae0ba8944d49cbc355fe10ef0c631d57e71c32e
world_bank,WDI:2:GOV_WGI_PV_SC,US,political_stability,2002,72.3768589,,numerical_variation,unexpected_revision_or_temporal_variation,2000,83.0521451,-10.6752862,0.1285371520163179987508835579,required,retain_quarantine,https://api.worldbank.org/v2/country/PRT;ESP;DEU;FRA;GBR;IRL;NLD;CHE;ITA;USA;CAN;BRA;IND;PAK/indicator/GOV_WGI_PV_SC?format=json&source=2&per_page=10000&page=1,ed03d769127abf26c5e3c0cecae0ba8944d49cbc355fe10ef0c631d57e71c32e
world_bank,WDI:2:VC.BTL.DETH,DE,battle_related_deaths,1990,1,,numerical_variation,unexpected_revision_or_temporal_variation,1989,3,-2,0.6666666666666666666666666667,required,retain_quarantine,https://api.worldbank.org/v2/country/PRT;ESP;DEU;FRA;GBR;IRL;NLD;CHE;ITA;USA;CAN;BRA;IND;PAK/indicator/VC.BTL.DETH?format=json&source=2&per_page=10000&page=1,b2c66c75e29304615c3835b042f377c5ae1c6c552690529b9d682d94e306d863
world_bank,WDI:2:VC.BTL.DETH,FR,battle_related_deaths,2015,3,,numerical_variation,unexpected_revision_or_temporal_variation,1996,0,3,,required,retain_quarantine,https://api.worldbank.org/v2/country/PRT;ESP;DEU;FRA;GBR;IRL;NLD;CHE;ITA;USA;CAN;BRA;IND;PAK/indicator/VC.BTL.DETH?format=json&source=2&per_page=10000&page=1,b2c66c75e29304615c3835b042f377c5ae1c6c552690529b9d682d94e306d863
world_bank,WDI:2:VC.BTL.DETH,FR,battle_related_deaths,2017,2,,numerical_variation,unexpected_revision_or_temporal_variation,2015,3,-1,0.3333333333333333333333333333,required,retain_quarantine,https://api.worldbank.org/v2/country/PRT;ESP;DEU;FRA;GBR;IRL;NLD;CHE;ITA;USA;CAN;BRA;IND;PAK/indicator/VC.BTL.DETH?format=json&source=2&per_page=10000&page=1,b2c66c75e29304615c3835b042f377c5ae1c6c552690529b9d682d94e306d863
world_bank,WDI:2:VC.BTL.DETH,FR,battle_related_deaths,2018,4,,numerical_variation,unexpected_revision_or_temporal_variation,2017,2,2,1,required,retain_quarantine,https://api.worldbank.org/v2/country/PRT;ESP;DEU;FRA;GBR;IRL;NLD;CHE;ITA;USA;CAN;BRA;IND;PAK/indicator/VC.BTL.DETH?format=json&source=2&per_page=10000&page=1,b2c66c75e29304615c3835b042f377c5ae1c6c552690529b9d682d94e306d863
world_bank,WDI:2:VC.BTL.DETH,GB,battle_related_deaths,1991,26,,numerical_variation,unexpected_revision_or_temporal_variation,1990,41,-15,0.3658536585365853658536585366,required,retain_quarantine,https://api.worldbank.org/v2/country/PRT;ESP;DEU;FRA;GBR;IRL;NLD;CHE;ITA;USA;CAN;BRA;IND;PAK/indicator/VC.BTL.DETH?format=json&source=2&per_page=10000&page=1,b2c66c75e29304615c3835b042f377c5ae1c6c552690529b9d682d94e306d863
world_bank,WDI:2:VC.BTL.DETH,GB,battle_related_deaths,2019,1,,numerical_variation,unexpected_revision_or_temporal_variation,1998,29,-28,0.9655172413793103448275862069,required,retain_quarantine,https://api.worldbank.org/v2/country/PRT;ESP;DEU;FRA;GBR;IRL;NLD;CHE;ITA;USA;CAN;BRA;IND;PAK/indicator/VC.BTL.DETH?format=json&source=2&per_page=10000&page=1,b2c66c75e29304615c3835b042f377c5ae1c6c552690529b9d682d94e306d863
world_bank,WDI:2:VC.BTL.DETH,IN,battle_related_deaths,1990,2393,,numerical_variation,unexpected_revision_or_temporal_variation,1989,1002,1391,1.388223552894211576846307385,required,retain_quarantine,https://api.worldbank.org/v2/country/PRT;ESP;DEU;FRA;GBR;IRL;NLD;CHE;ITA;USA;CAN;BRA;IND;PAK/indicator/VC.BTL.DETH?format=json&source=2&per_page=10000&page=1,b2c66c75e29304615c3835b042f377c5ae1c6c552690529b9d682d94e306d863
world_bank,WDI:2:VC.BTL.DETH,IN,battle_related_deaths,1991,3153,,numerical_variation,unexpected_revision_or_temporal_variation,1990,2393,760,0.3175929795236105307145842039,required,retain_quarantine,https://api.worldbank.org/v2/country/PRT;ESP;DEU;FRA;GBR;IRL;NLD;CHE;ITA;USA;CAN;BRA;IND;PAK/indicator/VC.BTL.DETH?format=json&source=2&per_page=10000&page=1,b2c66c75e29304615c3835b042f377c5ae1c6c552690529b9d682d94e306d863
world_bank,WDI:2:VC.BTL.DETH,IN,battle_related_deaths,1993,1503,,numerical_variation,unexpected_revision_or_temporal_variation,1992,3078,-1575,0.5116959064327485380116959064,required,retain_quarantine,https://api.worldbank.org/v2/country/PRT;ESP;DEU;FRA;GBR;IRL;NLD;CHE;ITA;USA;CAN;BRA;IND;PAK/indicator/VC.BTL.DETH?format=json&source=2&per_page=10000&page=1,b2c66c75e29304615c3835b042f377c5ae1c6c552690529b9d682d94e306d863
world_bank,WDI:2:VC.BTL.DETH,IN,battle_related_deaths,1999,2041,,numerical_variation,unexpected_revision_or_temporal_variation,1998,881,1160,1.316685584562996594778660613,required,retain_quarantine,https://api.worldbank.org/v2/country/PRT;ESP;DEU;FRA;GBR;IRL;NLD;CHE;ITA;USA;CAN;BRA;IND;PAK/indicator/VC.BTL.DETH?format=json&source=2&per_page=10000&page=1,b2c66c75e29304615c3835b042f377c5ae1c6c552690529b9d682d94e306d863
world_bank,WDI:2:VC.BTL.DETH,IN,battle_related_deaths,2000,2902,,numerical_variation,unexpected_revision_or_temporal_variation,1999,2041,861,0.4218520333170014698677119059,required,retain_quarantine,https://api.worldbank.org/v2/country/PRT;ESP;DEU;FRA;GBR;IRL;NLD;CHE;ITA;USA;CAN;BRA;IND;PAK/indicator/VC.BTL.DETH?format=json&source=2&per_page=10000&page=1,b2c66c75e29304615c3835b042f377c5ae1c6c552690529b9d682d94e306d863
world_bank,WDI:2:VC.BTL.DETH,IN,battle_related_deaths,2001,1320,,numerical_variation,unexpected_revision_or_temporal_variation,2000,2902,-1582,0.5451412818745692625775327360,required,retain_quarantine,https://api.worldbank.org/v2/country/PRT;ESP;DEU;FRA;GBR;IRL;NLD;CHE;ITA;USA;CAN;BRA;IND;PAK/indicator/VC.BTL.DETH?format=json&source=2&per_page=10000&page=1,b2c66c75e29304615c3835b042f377c5ae1c6c552690529b9d682d94e306d863
world_bank,WDI:2:VC.BTL.DETH,IN,battle_related_deaths,2002,1903,,numerical_variation,unexpected_revision_or_temporal_variation,2001,1320,583,0.4416666666666666666666666667,required,retain_quarantine,https://api.worldbank.org/v2/country/PRT;ESP;DEU;FRA;GBR;IRL;NLD;CHE;ITA;USA;CAN;BRA;IND;PAK/indicator/VC.BTL.DETH?format=json&source=2&per_page=10000&page=1,b2c66c75e29304615c3835b042f377c5ae1c6c552690529b9d682d94e306d863
world_bank,WDI:2:VC.BTL.DETH,IN,battle_related_deaths,2011,439,,numerical_variation,unexpected_revision_or_temporal_variation,2010,1028,-589,0.5729571984435797665369649805,required,retain_quarantine,https://api.worldbank.org/v2/country/PRT;ESP;DEU;FRA;GBR;IRL;NLD;CHE;ITA;USA;CAN;BRA;IND;PAK/indicator/VC.BTL.DETH?format=json&source=2&per_page=10000&page=1,b2c66c75e29304615c3835b042f377c5ae1c6c552690529b9d682d94e306d863
world_bank,WDI:2:VC.BTL.DETH,IN,battle_related_deaths,2024,437,,numerical_variation,unexpected_revision_or_temporal_variation,2023,217,220,1.013824884792626728110599078,required,retain_quarantine,https://api.worldbank.org/v2/country/PRT;ESP;DEU;FRA;GBR;IRL;NLD;CHE;ITA;USA;CAN;BRA;IND;PAK/indicator/VC.BTL.DETH?format=json&source=2&per_page=10000&page=1,b2c66c75e29304615c3835b042f377c5ae1c6c552690529b9d682d94e306d863
world_bank,WDI:2:VC.BTL.DETH,PK,battle_related_deaths,1991,27,,numerical_variation,unexpected_revision_or_temporal_variation,1990,73,-46,0.6301369863013698630136986301,required,retain_quarantine,https://api.worldbank.org/v2/country/PRT;ESP;DEU;FRA;GBR;IRL;NLD;CHE;ITA;USA;CAN;BRA;IND;PAK/indicator/VC.BTL.DETH?format=json&source=2&per_page=10000&page=1,b2c66c75e29304615c3835b042f377c5ae1c6c552690529b9d682d94e306d863
world_bank,WDI:2:VC.BTL.DETH,PK,battle_related_deaths,1993,0,,numerical_variation,unexpected_revision_or_temporal_variation,1991,27,-27,1,required,retain_quarantine,https://api.worldbank.org/v2/country/PRT;ESP;DEU;FRA;GBR;IRL;NLD;CHE;ITA;USA;CAN;BRA;IND;PAK/indicator/VC.BTL.DETH?format=json&source=2&per_page=10000&page=1,b2c66c75e29304615c3835b042f377c5ae1c6c552690529b9d682d94e306d863
world_bank,WDI:2:VC.BTL.DETH,PK,battle_related_deaths,1994,74,,numerical_variation,unexpected_revision_or_temporal_variation,1993,0,74,,required,retain_quarantine,https://api.worldbank.org/v2/country/PRT;ESP;DEU;FRA;GBR;IRL;NLD;CHE;ITA;USA;CAN;BRA;IND;PAK/indicator/VC.BTL.DETH?format=json&source=2&per_page=10000&page=1,b2c66c75e29304615c3835b042f377c5ae1c6c552690529b9d682d94e306d863
world_bank,WDI:2:VC.BTL.DETH,PK,battle_related_deaths,1996,47,,numerical_variation,unexpected_revision_or_temporal_variation,1995,69,-22,0.3188405797101449275362318841,required,retain_quarantine,https://api.worldbank.org/v2/country/PRT;ESP;DEU;FRA;GBR;IRL;NLD;CHE;ITA;USA;CAN;BRA;IND;PAK/indicator/VC.BTL.DETH?format=json&source=2&per_page=10000&page=1,b2c66c75e29304615c3835b042f377c5ae1c6c552690529b9d682d94e306d863
world_bank,WDI:2:VC.BTL.DETH,PK,battle_related_deaths,1999,32,,numerical_variation,unexpected_revision_or_temporal_variation,1998,52,-20,0.3846153846153846153846153846,required,retain_quarantine,https://api.worldbank.org/v2/country/PRT;ESP;DEU;FRA;GBR;IRL;NLD;CHE;ITA;USA;CAN;BRA;IND;PAK/indicator/VC.BTL.DETH?format=json&source=2&per_page=10000&page=1,b2c66c75e29304615c3835b042f377c5ae1c6c552690529b9d682d94e306d863
world_bank,WDI:2:VC.BTL.DETH,PK,battle_related_deaths,2000,116,,numerical_variation,unexpected_revision_or_temporal_variation,1999,32,84,2.625,required,retain_quarantine,https://api.worldbank.org/v2/country/PRT;ESP;DEU;FRA;GBR;IRL;NLD;CHE;ITA;USA;CAN;BRA;IND;PAK/indicator/VC.BTL.DETH?format=json&source=2&per_page=10000&page=1,b2c66c75e29304615c3835b042f377c5ae1c6c552690529b9d682d94e306d863
world_bank,WDI:2:VC.BTL.DETH,PK,battle_related_deaths,2001,36,,numerical_variation,unexpected_revision_or_temporal_variation,2000,116,-80,0.6896551724137931034482758621,required,retain_quarantine,https://api.worldbank.org/v2/country/PRT;ESP;DEU;FRA;GBR;IRL;NLD;CHE;ITA;USA;CAN;BRA;IND;PAK/indicator/VC.BTL.DETH?format=json&source=2&per_page=10000&page=1,b2c66c75e29304615c3835b042f377c5ae1c6c552690529b9d682d94e306d863
world_bank,WDI:2:VC.BTL.DETH,PK,battle_related_deaths,2002,148,,numerical_variation,unexpected_revision_or_temporal_variation,2001,36,112,3.111111111111111111111111111,required,retain_quarantine,https://api.worldbank.org/v2/country/PRT;ESP;DEU;FRA;GBR;IRL;NLD;CHE;ITA;USA;CAN;BRA;IND;PAK/indicator/VC.BTL.DETH?format=json&source=2&per_page=10000&page=1,b2c66c75e29304615c3835b042f377c5ae1c6c552690529b9d682d94e306d863
world_bank,WDI:2:VC.BTL.DETH,PK,battle_related_deaths,2004,359,,numerical_variation,unexpected_revision_or_temporal_variation,2003,175,184,1.051428571428571428571428571,required,retain_quarantine,https://api.worldbank.org/v2/country/PRT;ESP;DEU;FRA;GBR;IRL;NLD;CHE;ITA;USA;CAN;BRA;IND;PAK/indicator/VC.BTL.DETH?format=json&source=2&per_page=10000&page=1,b2c66c75e29304615c3835b042f377c5ae1c6c552690529b9d682d94e306d863
world_bank,WDI:2:VC.BTL.DETH,PK,battle_related_deaths,2005,110,,numerical_variation,unexpected_revision_or_temporal_variation,2004,359,-249,0.6935933147632311977715877437,required,retain_quarantine,https://api.worldbank.org/v2/country/PRT;ESP;DEU;FRA;GBR;IRL;NLD;CHE;ITA;USA;CAN;BRA;IND;PAK/indicator/VC.BTL.DETH?format=json&source=2&per_page=10000&page=1,b2c66c75e29304615c3835b042f377c5ae1c6c552690529b9d682d94e306d863
world_bank,WDI:2:VC.BTL.DETH,PK,battle_related_deaths,2006,419,,numerical_variation,unexpected_revision_or_temporal_variation,2005,110,309,2.809090909090909090909090909,required,retain_quarantine,https://api.worldbank.org/v2/country/PRT;ESP;DEU;FRA;GBR;IRL;NLD;CHE;ITA;USA;CAN;BRA;IND;PAK/indicator/VC.BTL.DETH?format=json&source=2&per_page=10000&page=1,b2c66c75e29304615c3835b042f377c5ae1c6c552690529b9d682d94e306d863
world_bank,WDI:2:VC.BTL.DETH,PK,battle_related_deaths,2007,759,,numerical_variation,unexpected_revision_or_temporal_variation,2006,419,340,0.8114558472553699284009546539,required,retain_quarantine,https://api.worldbank.org/v2/country/PRT;ESP;DEU;FRA;GBR;IRL;NLD;CHE;ITA;USA;CAN;BRA;IND;PAK/indicator/VC.BTL.DETH?format=json&source=2&per_page=10000&page=1,b2c66c75e29304615c3835b042f377c5ae1c6c552690529b9d682d94e306d863
world_bank,WDI:2:VC.BTL.DETH,PK,battle_related_deaths,2008,3538,,numerical_variation,unexpected_revision_or_temporal_variation,2007,759,2779,3.661396574440052700922266140,required,retain_quarantine,https://api.worldbank.org/v2/country/PRT;ESP;DEU;FRA;GBR;IRL;NLD;CHE;ITA;USA;CAN;BRA;IND;PAK/indicator/VC.BTL.DETH?format=json&source=2&per_page=10000&page=1,b2c66c75e29304615c3835b042f377c5ae1c6c552690529b9d682d94e306d863
world_bank,WDI:2:VC.BTL.DETH,PK,battle_related_deaths,2009,6916,,numerical_variation,unexpected_revision_or_temporal_variation,2008,3538,3378,0.9547767100056529112492933861,required,retain_quarantine,https://api.worldbank.org/v2/country/PRT;ESP;DEU;FRA;GBR;IRL;NLD;CHE;ITA;USA;CAN;BRA;IND;PAK/indicator/VC.BTL.DETH?format=json&source=2&per_page=10000&page=1,b2c66c75e29304615c3835b042f377c5ae1c6c552690529b9d682d94e306d863
world_bank,WDI:2:VC.BTL.DETH,PK,battle_related_deaths,2011,2863,,numerical_variation,unexpected_revision_or_temporal_variation,2010,6077,-3214,0.5288793812736547638637485601,required,retain_quarantine,https://api.worldbank.org/v2/country/PRT;ESP;DEU;FRA;GBR;IRL;NLD;CHE;ITA;USA;CAN;BRA;IND;PAK/indicator/VC.BTL.DETH?format=json&source=2&per_page=10000&page=1,b2c66c75e29304615c3835b042f377c5ae1c6c552690529b9d682d94e306d863
world_bank,WDI:2:VC.BTL.DETH,PK,battle_related_deaths,2013,1817,,numerical_variation,unexpected_revision_or_temporal_variation,2012,3018,-1201,0.3979456593770709078860172300,required,retain_quarantine,https://api.worldbank.org/v2/country/PRT;ESP;DEU;FRA;GBR;IRL;NLD;CHE;ITA;USA;CAN;BRA;IND;PAK/indicator/VC.BTL.DETH?format=json&source=2&per_page=10000&page=1,b2c66c75e29304615c3835b042f377c5ae1c6c552690529b9d682d94e306d863
world_bank,WDI:2:VC.BTL.DETH,PK,battle_related_deaths,2014,3154,,numerical_variation,unexpected_revision_or_temporal_variation,2013,1817,1337,0.7358282883874518436984039626,required,retain_quarantine,https://api.worldbank.org/v2/country/PRT;ESP;DEU;FRA;GBR;IRL;NLD;CHE;ITA;USA;CAN;BRA;IND;PAK/indicator/VC.BTL.DETH?format=json&source=2&per_page=10000&page=1,b2c66c75e29304615c3835b042f377c5ae1c6c552690529b9d682d94e306d863
world_bank,WDI:2:VC.BTL.DETH,PK,battle_related_deaths,2015,2126,,numerical_variation,unexpected_revision_or_temporal_variation,2014,3154,-1028,0.3259353202282815472415979708,required,retain_quarantine,https://api.worldbank.org/v2/country/PRT;ESP;DEU;FRA;GBR;IRL;NLD;CHE;ITA;USA;CAN;BRA;IND;PAK/indicator/VC.BTL.DETH?format=json&source=2&per_page=10000&page=1,b2c66c75e29304615c3835b042f377c5ae1c6c552690529b9d682d94e306d863
world_bank,WDI:2:VC.BTL.DETH,PK,battle_related_deaths,2016,796,,numerical_variation,unexpected_revision_or_temporal_variation,2015,2126,-1330,0.6255879586077140169332079022,required,retain_quarantine,https://api.worldbank.org/v2/country/PRT;ESP;DEU;FRA;GBR;IRL;NLD;CHE;ITA;USA;CAN;BRA;IND;PAK/indicator/VC.BTL.DETH?format=json&source=2&per_page=10000&page=1,b2c66c75e29304615c3835b042f377c5ae1c6c552690529b9d682d94e306d863
world_bank,WDI:2:VC.BTL.DETH,PK,battle_related_deaths,2018,228,,numerical_variation,unexpected_revision_or_temporal_variation,2017,701,-473,0.6747503566333808844507845934,required,retain_quarantine,https://api.worldbank.org/v2/country/PRT;ESP;DEU;FRA;GBR;IRL;NLD;CHE;ITA;USA;CAN;BRA;IND;PAK/indicator/VC.BTL.DETH?format=json&source=2&per_page=10000&page=1,b2c66c75e29304615c3835b042f377c5ae1c6c552690529b9d682d94e306d863
world_bank,WDI:2:VC.BTL.DETH,PK,battle_related_deaths,2020,373,,numerical_variation,unexpected_revision_or_temporal_variation,2019,267,106,0.3970037453183520599250936330,required,retain_quarantine,https://api.worldbank.org/v2/country/PRT;ESP;DEU;FRA;GBR;IRL;NLD;CHE;ITA;USA;CAN;BRA;IND;PAK/indicator/VC.BTL.DETH?format=json&source=2&per_page=10000&page=1,b2c66c75e29304615c3835b042f377c5ae1c6c552690529b9d682d94e306d863
world_bank,WDI:2:VC.BTL.DETH,PK,battle_related_deaths,2022,630,,numerical_variation,unexpected_revision_or_temporal_variation,2021,416,214,0.5144230769230769230769230769,required,retain_quarantine,https://api.worldbank.org/v2/country/PRT;ESP;DEU;FRA;GBR;IRL;NLD;CHE;ITA;USA;CAN;BRA;IND;PAK/indicator/VC.BTL.DETH?format=json&source=2&per_page=10000&page=1,b2c66c75e29304615c3835b042f377c5ae1c6c552690529b9d682d94e306d863
world_bank,WDI:2:VC.BTL.DETH,PK,battle_related_deaths,2023,1054,,numerical_variation,unexpected_revision_or_temporal_variation,2022,630,424,0.6730158730158730158730158730,required,retain_quarantine,https://api.worldbank.org/v2/country/PRT;ESP;DEU;FRA;GBR;IRL;NLD;CHE;ITA;USA;CAN;BRA;IND;PAK/indicator/VC.BTL.DETH?format=json&source=2&per_page=10000&page=1,b2c66c75e29304615c3835b042f377c5ae1c6c552690529b9d682d94e306d863
world_bank,WDI:2:VC.BTL.DETH,PK,battle_related_deaths,2024,1534,,numerical_variation,unexpected_revision_or_temporal_variation,2023,1054,480,0.4554079696394686907020872865,required,retain_quarantine,https://api.worldbank.org/v2/country/PRT;ESP;DEU;FRA;GBR;IRL;NLD;CHE;ITA;USA;CAN;BRA;IND;PAK/indicator/VC.BTL.DETH?format=json&source=2&per_page=10000&page=1,b2c66c75e29304615c3835b042f377c5ae1c6c552690529b9d682d94e306d863
world_bank,WDI:2:IC.FRM.BRIB.ZS,IN,bribery_incidence_firms,2025,8.742544174,,numerical_variation,unexpected_revision_or_temporal_variation,2022,27.22932243,-18.486778256,0.6789290590511399662470411314,required,retain_quarantine,https://api.worldbank.org/v2/country/PRT;ESP;DEU;FRA;GBR;IRL;NLD;CHE;ITA;USA;CAN;BRA;IND;PAK/indicator/IC.FRM.BRIB.ZS?format=json&source=2&per_page=10000&page=1,faf9c40aa7bc4db8bd66799593fe7f14d06f71674e59b57446993d6a3b4cf57f
world_bank,WDI:2:IC.FRM.BRIB.ZS,PK,bribery_incidence_firms,2013,30.84321213,,numerical_variation,unexpected_revision_or_temporal_variation,2007,60.19877243,-29.35556030,0.4876438358296270660348414018,required,retain_quarantine,https://api.worldbank.org/v2/country/PRT;ESP;DEU;FRA;GBR;IRL;NLD;CHE;ITA;USA;CAN;BRA;IND;PAK/indicator/IC.FRM.BRIB.ZS?format=json&source=2&per_page=10000&page=1,faf9c40aa7bc4db8bd66799593fe7f14d06f71674e59b57446993d6a3b4cf57f
world_bank,WDI:2:IC.FRM.BRIB.ZS,PK,bribery_incidence_firms,2022,15.89778233,,numerical_variation,unexpected_revision_or_temporal_variation,2013,30.84321213,-14.94542980,0.4845613918876872828485130936,required,retain_quarantine,https://api.worldbank.org/v2/country/PRT;ESP;DEU;FRA;GBR;IRL;NLD;CHE;ITA;USA;CAN;BRA;IND;PAK/indicator/IC.FRM.BRIB.ZS?format=json&source=2&per_page=10000&page=1,faf9c40aa7bc4db8bd66799593fe7f14d06f71674e59b57446993d6a3b4cf57f
world_bank,WDI:2:IC.TAX.GIFT.ZS,DE,tax_official_gifts_firms,2021,1.430254698,,numerical_variation,unexpected_revision_or_temporal_variation,2005,14.8,-13.369745302,0.9033611690540540540540540541,required,retain_quarantine,https://api.worldbank.org/v2/country/PRT;ESP;DEU;FRA;GBR;IRL;NLD;CHE;ITA;USA;CAN;BRA;IND;PAK/indicator/IC.TAX.GIFT.ZS?format=json&source=2&per_page=10000&page=1,d069f33f6876011667d694be2a4aa635ec5d627bc36c59d32a5e1aab0886fb79
world_bank,WDI:2:IC.TAX.GIFT.ZS,IN,tax_official_gifts_firms,2014,15.34583092,,numerical_variation,unexpected_revision_or_temporal_variation,2006,52.3,-36.95416908,0.7065806707456978967495219885,required,retain_quarantine,https://api.worldbank.org/v2/country/PRT;ESP;DEU;FRA;GBR;IRL;NLD;CHE;ITA;USA;CAN;BRA;IND;PAK/indicator/IC.TAX.GIFT.ZS?format=json&source=2&per_page=10000&page=1,d069f33f6876011667d694be2a4aa635ec5d627bc36c59d32a5e1aab0886fb79
world_bank,WDI:2:IC.TAX.GIFT.ZS,IN,tax_official_gifts_firms,2022,31.42468452,,numerical_variation,unexpected_revision_or_temporal_variation,2014,15.34583092,16.07885360,1.047766894071839545590405866,required,retain_quarantine,https://api.worldbank.org/v2/country/PRT;ESP;DEU;FRA;GBR;IRL;NLD;CHE;ITA;USA;CAN;BRA;IND;PAK/indicator/IC.TAX.GIFT.ZS?format=json&source=2&per_page=10000&page=1,d069f33f6876011667d694be2a4aa635ec5d627bc36c59d32a5e1aab0886fb79
world_bank,WDI:2:IC.TAX.GIFT.ZS,IN,tax_official_gifts_firms,2025,11.61711693,,numerical_variation,unexpected_revision_or_temporal_variation,2022,31.42468452,-19.80756759,0.6303187412237543761346247558,required,retain_quarantine,https://api.worldbank.org/v2/country/PRT;ESP;DEU;FRA;GBR;IRL;NLD;CHE;ITA;USA;CAN;BRA;IND;PAK/indicator/IC.TAX.GIFT.ZS?format=json&source=2&per_page=10000&page=1,d069f33f6876011667d694be2a4aa635ec5d627bc36c59d32a5e1aab0886fb79
world_bank,WDI:2:IC.TAX.GIFT.ZS,PK,tax_official_gifts_firms,2013,28.77827454,,numerical_variation,unexpected_revision_or_temporal_variation,2007,58.78862,-30.01034546,0.5104788215814557307179518757,required,retain_quarantine,https://api.worldbank.org/v2/country/PRT;ESP;DEU;FRA;GBR;IRL;NLD;CHE;ITA;USA;CAN;BRA;IND;PAK/indicator/IC.TAX.GIFT.ZS?format=json&source=2&per_page=10000&page=1,d069f33f6876011667d694be2a4aa635ec5d627bc36c59d32a5e1aab0886fb79
world_bank,WDI:2:IC.TAX.GIFT.ZS,PK,tax_official_gifts_firms,2022,11.85785961,,numerical_variation,unexpected_revision_or_temporal_variation,2013,28.77827454,-16.92041493,0.5879579370362070359205072758,required,retain_quarantine,https://api.worldbank.org/v2/country/PRT;ESP;DEU;FRA;GBR;IRL;NLD;CHE;ITA;USA;CAN;BRA;IND;PAK/indicator/IC.TAX.GIFT.ZS?format=json&source=2&per_page=10000&page=1,d069f33f6876011667d694be2a4aa635ec5d627bc36c59d32a5e1aab0886fb79
world_bank,WDI:2:IC.TAX.GIFT.ZS,PT,tax_official_gifts_firms,2019,0.1110904291,,numerical_variation,unexpected_revision_or_temporal_variation,2005,52.1,-51.9889095709,0.9978677460825335892514395393,required,retain_quarantine,https://api.worldbank.org/v2/country/PRT;ESP;DEU;FRA;GBR;IRL;NLD;CHE;ITA;USA;CAN;BRA;IND;PAK/indicator/IC.TAX.GIFT.ZS?format=json&source=2&per_page=10000&page=1,d069f33f6876011667d694be2a4aa635ec5d627bc36c59d32a5e1aab0886fb79
world_bank,WDI:2:SL.UEM.1524.ZS,ES,youth_unemployment,2009,37.71,,numerical_variation,unexpected_revision_or_temporal_variation,2008,24.443,13.267,0.5427729820398478091887247883,required,retain_quarantine,https://api.worldbank.org/v2/country/PRT;ESP;DEU;FRA;GBR;IRL;NLD;CHE;ITA;USA;CAN;BRA;IND;PAK/indicator/SL.UEM.1524.ZS?format=json&source=2&per_page=10000&page=1,780acb6c0d5280857bf6a68fc6867ecf4374ac511a3da73249a8b0c81c046456
world_bank,WDI:2:SL.UEM.1524.ZS,IE,youth_unemployment,2009,24.509,,numerical_variation,unexpected_revision_or_temporal_variation,2008,13.471,11.038,0.8193898003117808625937198426,required,retain_quarantine,https://api.worldbank.org/v2/country/PRT;ESP;DEU;FRA;GBR;IRL;NLD;CHE;ITA;USA;CAN;BRA;IND;PAK/indicator/SL.UEM.1524.ZS?format=json&source=2&per_page=10000&page=1,780acb6c0d5280857bf6a68fc6867ecf4374ac511a3da73249a8b0c81c046456
world_bank,WDI:2:SL.UEM.ADVN.ZS,PK,advanced_education_unemployment,2016,3.876,,numerical_variation,unexpected_revision_or_temporal_variation,2015,16.786,-12.910,0.7690932920290718455856070535,required,retain_quarantine,https://api.worldbank.org/v2/country/PRT;ESP;DEU;FRA;GBR;IRL;NLD;CHE;ITA;USA;CAN;BRA;IND;PAK/indicator/SL.UEM.ADVN.ZS?format=json&source=2&per_page=10000&page=1,f09e660cb93ca3e48eb96f2fc8b517d0db85f2b72a2ba8b7f2c0f7294dc383d1
world_bank,WDI:2:SH.MED.PHYS.ZS,BR,physicians,1985,1.467,,numerical_variation,unexpected_revision_or_temporal_variation,1984,0.927,0.540,0.5825242718446601941747572816,required,retain_quarantine,https://api.worldbank.org/v2/country/PRT;ESP;DEU;FRA;GBR;IRL;NLD;CHE;ITA;USA;CAN;BRA;IND;PAK/indicator/SH.MED.PHYS.ZS?format=json&source=2&per_page=10000&page=1,ac1ad4de1ffdfb9d766c64dcc29eea11db0cd7bee5dbcd36daec0015ec9cc426
world_bank,WDI:2:SH.MED.PHYS.ZS,BR,physicians,2011,1.87,,numerical_variation,unexpected_revision_or_temporal_variation,1999,1.379,0.491,0.3560551124002900652646845540,required,retain_quarantine,https://api.worldbank.org/v2/country/PRT;ESP;DEU;FRA;GBR;IRL;NLD;CHE;ITA;USA;CAN;BRA;IND;PAK/indicator/SH.MED.PHYS.ZS?format=json&source=2&per_page=10000&page=1,ac1ad4de1ffdfb9d766c64dcc29eea11db0cd7bee5dbcd36daec0015ec9cc426
world_bank,WDI:2:SH.MED.PHYS.ZS,ES,physicians,1991,4.135,,numerical_variation,unexpected_revision_or_temporal_variation,1990,2.037,2.098,1.029945999018163966617574865,required,retain_quarantine,https://api.worldbank.org/v2/country/PRT;ESP;DEU;FRA;GBR;IRL;NLD;CHE;ITA;USA;CAN;BRA;IND;PAK/indicator/SH.MED.PHYS.ZS?format=json&source=2&per_page=10000&page=1,ac1ad4de1ffdfb9d766c64dcc29eea11db0cd7bee5dbcd36daec0015ec9cc426
world_bank,WDI:2:SH.MED.PHYS.ZS,ES,physicians,1996,2.724,,numerical_variation,unexpected_revision_or_temporal_variation,1995,4.282,-1.558,0.3638486688463334890238206446,required,retain_quarantine,https://api.worldbank.org/v2/country/PRT;ESP;DEU;FRA;GBR;IRL;NLD;CHE;ITA;USA;CAN;BRA;IND;PAK/indicator/SH.MED.PHYS.ZS?format=json&source=2&per_page=10000&page=1,ac1ad4de1ffdfb9d766c64dcc29eea11db0cd7bee5dbcd36daec0015ec9cc426
world_bank,WDI:2:SH.MED.PHYS.ZS,IN,physicians,1980,0.371,,numerical_variation,unexpected_revision_or_temporal_variation,1975,0.204,0.167,0.8186274509803921568627450980,required,retain_quarantine,https://api.worldbank.org/v2/country/PRT;ESP;DEU;FRA;GBR;IRL;NLD;CHE;ITA;USA;CAN;BRA;IND;PAK/indicator/SH.MED.PHYS.ZS?format=json&source=2&per_page=10000&page=1,ac1ad4de1ffdfb9d766c64dcc29eea11db0cd7bee5dbcd36daec0015ec9cc426
world_bank,WDI:2:SH.MED.PHYS.ZS,IN,physicians,1984,0.396,,numerical_variation,unexpected_revision_or_temporal_variation,1981,0.27,0.126,0.4666666666666666666666666667,required,retain_quarantine,https://api.worldbank.org/v2/country/PRT;ESP;DEU;FRA;GBR;IRL;NLD;CHE;ITA;USA;CAN;BRA;IND;PAK/indicator/SH.MED.PHYS.ZS?format=json&source=2&per_page=10000&page=1,ac1ad4de1ffdfb9d766c64dcc29eea11db0cd7bee5dbcd36daec0015ec9cc426
world_bank,WDI:2:SH.MED.PHYS.ZS,IN,physicians,1991,1.231,,numerical_variation,unexpected_revision_or_temporal_variation,1988,0.407,0.824,2.024570024570024570024570025,required,retain_quarantine,https://api.worldbank.org/v2/country/PRT;ESP;DEU;FRA;GBR;IRL;NLD;CHE;ITA;USA;CAN;BRA;IND;PAK/indicator/SH.MED.PHYS.ZS?format=json&source=2&per_page=10000&page=1,ac1ad4de1ffdfb9d766c64dcc29eea11db0cd7bee5dbcd36daec0015ec9cc426
world_bank,WDI:2:SH.MED.PHYS.ZS,IN,physicians,2014,0.715,,numerical_variation,unexpected_revision_or_temporal_variation,1991,1.231,-0.516,0.4191714053614947197400487409,required,retain_quarantine,https://api.worldbank.org/v2/country/PRT;ESP;DEU;FRA;GBR;IRL;NLD;CHE;ITA;USA;CAN;BRA;IND;PAK/indicator/SH.MED.PHYS.ZS?format=json&source=2&per_page=10000&page=1,ac1ad4de1ffdfb9d766c64dcc29eea11db0cd7bee5dbcd36daec0015ec9cc426
world_bank,WDI:2:SH.MED.PHYS.ZS,IT,physicians,1995,3.763,,numerical_variation,unexpected_revision_or_temporal_variation,1994,5.784,-2.021,0.3494121715076071922544951591,required,retain_quarantine,https://api.worldbank.org/v2/country/PRT;ESP;DEU;FRA;GBR;IRL;NLD;CHE;ITA;USA;CAN;BRA;IND;PAK/indicator/SH.MED.PHYS.ZS?format=json&source=2&per_page=10000&page=1,ac1ad4de1ffdfb9d766c64dcc29eea11db0cd7bee5dbcd36daec0015ec9cc426
world_bank,WDI:2:SH.MED.PHYS.ZS,IT,physicians,2002,9.344,,numerical_variation,unexpected_revision_or_temporal_variation,2001,3.487,5.857,1.679667335818755377114998566,required,retain_quarantine,https://api.worldbank.org/v2/country/PRT;ESP;DEU;FRA;GBR;IRL;NLD;CHE;ITA;USA;CAN;BRA;IND;PAK/indicator/SH.MED.PHYS.ZS?format=json&source=2&per_page=10000&page=1,ac1ad4de1ffdfb9d766c64dcc29eea11db0cd7bee5dbcd36daec0015ec9cc426
world_bank,WDI:2:SH.MED.PHYS.ZS,IT,physicians,2003,3.604,,numerical_variation,unexpected_revision_or_temporal_variation,2002,9.344,-5.740,0.6142979452054794520547945205,required,retain_quarantine,https://api.worldbank.org/v2/country/PRT;ESP;DEU;FRA;GBR;IRL;NLD;CHE;ITA;USA;CAN;BRA;IND;PAK/indicator/SH.MED.PHYS.ZS?format=json&source=2&per_page=10000&page=1,ac1ad4de1ffdfb9d766c64dcc29eea11db0cd7bee5dbcd36daec0015ec9cc426
world_bank,WDI:2:SH.MED.PHYS.ZS,NL,physicians,1990,2.492,,numerical_variation,unexpected_revision_or_temporal_variation,1979,1.8,0.692,0.3844444444444444444444444444,required,retain_quarantine,https://api.worldbank.org/v2/country/PRT;ESP;DEU;FRA;GBR;IRL;NLD;CHE;ITA;USA;CAN;BRA;IND;PAK/indicator/SH.MED.PHYS.ZS?format=json&source=2&per_page=10000&page=1,ac1ad4de1ffdfb9d766c64dcc29eea11db0cd7bee5dbcd36daec0015ec9cc426
world_bank,WDI:2:SH.MED.PHYS.ZS,PK,physicians,1990,0.462,,numerical_variation,unexpected_revision_or_temporal_variation,1986,0.351,0.111,0.3162393162393162393162393162,required,retain_quarantine,https://api.worldbank.org/v2/country/PRT;ESP;DEU;FRA;GBR;IRL;NLD;CHE;ITA;USA;CAN;BRA;IND;PAK/indicator/SH.MED.PHYS.ZS?format=json&source=2&per_page=10000&page=1,ac1ad4de1ffdfb9d766c64dcc29eea11db0cd7bee5dbcd36daec0015ec9cc426
world_bank,WDI:2:SH.MED.PHYS.ZS,PT,physicians,1990,2.805,,numerical_variation,unexpected_revision_or_temporal_variation,1979,1.9,0.905,0.4763157894736842105263157895,required,retain_quarantine,https://api.worldbank.org/v2/country/PRT;ESP;DEU;FRA;GBR;IRL;NLD;CHE;ITA;USA;CAN;BRA;IND;PAK/indicator/SH.MED.PHYS.ZS?format=json&source=2&per_page=10000&page=1,ac1ad4de1ffdfb9d766c64dcc29eea11db0cd7bee5dbcd36daec0015ec9cc426
world_bank,WDI:2:SH.MED.PHYS.ZS,US,physicians,2019,3.482,,numerical_variation,unexpected_revision_or_temporal_variation,2018,2.548,0.934,0.3665620094191522762951334380,required,retain_quarantine,https://api.worldbank.org/v2/country/PRT;ESP;DEU;FRA;GBR;IRL;NLD;CHE;ITA;USA;CAN;BRA;IND;PAK/indicator/SH.MED.PHYS.ZS?format=json&source=2&per_page=10000&page=1,ac1ad4de1ffdfb9d766c64dcc29eea11db0cd7bee5dbcd36daec0015ec9cc426
world_bank,WDI:2:SH.MED.BEDS.ZS,BR,hospital_beds,1975,4.9951000213623,,numerical_variation,unexpected_revision_or_temporal_variation,1970,3.69180011749268,1.30329990386962,0.3530255870826419809001062310,required,retain_quarantine,https://api.worldbank.org/v2/country/PRT;ESP;DEU;FRA;GBR;IRL;NLD;CHE;ITA;USA;CAN;BRA;IND;PAK/indicator/SH.MED.BEDS.ZS?format=json&source=2&per_page=10000&page=1,454cea4c645ac4dd4477a083fd4ff52a33c66ca9e0cccf12294b6e2f64d122c8
world_bank,WDI:2:SH.MED.BEDS.ZS,CH,hospital_beds,2000,6.29,,numerical_variation,unexpected_revision_or_temporal_variation,1991,19.8999996185,-13.6099996185,0.6839195919304183076107831333,required,retain_quarantine,https://api.worldbank.org/v2/country/PRT;ESP;DEU;FRA;GBR;IRL;NLD;CHE;ITA;USA;CAN;BRA;IND;PAK/indicator/SH.MED.BEDS.ZS?format=json&source=2&per_page=10000&page=1,454cea4c645ac4dd4477a083fd4ff52a33c66ca9e0cccf12294b6e2f64d122c8
world_bank,WDI:2:SH.MED.BEDS.ZS,IE,hospital_beds,2000,6.14,,numerical_variation,unexpected_revision_or_temporal_variation,1999,4.6999998093,1.4400001907,0.3063830317292008831401294500,required,retain_quarantine,https://api.worldbank.org/v2/country/PRT;ESP;DEU;FRA;GBR;IRL;NLD;CHE;ITA;USA;CAN;BRA;IND;PAK/indicator/SH.MED.BEDS.ZS?format=json&source=2&per_page=10000&page=1,454cea4c645ac4dd4477a083fd4ff52a33c66ca9e0cccf12294b6e2f64d122c8
world_bank,WDI:2:SH.MED.BEDS.ZS,IE,hospital_beds,2009,2.83,,numerical_variation,unexpected_revision_or_temporal_variation,2008,4.86,-2.03,0.4176954732510288065843621399,required,retain_quarantine,https://api.worldbank.org/v2/country/PRT;ESP;DEU;FRA;GBR;IRL;NLD;CHE;ITA;USA;CAN;BRA;IND;PAK/indicator/SH.MED.BEDS.ZS?format=json&source=2&per_page=10000&page=1,454cea4c645ac4dd4477a083fd4ff52a33c66ca9e0cccf12294b6e2f64d122c8
world_bank,WDI:2:SH.MED.BEDS.ZS,IN,hospital_beds,1970,0.604499995708466,,numerical_variation,unexpected_revision_or_temporal_variation,1960,0.458986908197403,0.145513087511063,0.3170310196483428360191009612,required,retain_quarantine,https://api.worldbank.org/v2/country/PRT;ESP;DEU;FRA;GBR;IRL;NLD;CHE;ITA;USA;CAN;BRA;IND;PAK/indicator/SH.MED.BEDS.ZS?format=json&source=2&per_page=10000&page=1,454cea4c645ac4dd4477a083fd4ff52a33c66ca9e0cccf12294b6e2f64d122c8
world_bank,WDI:2:SH.MED.BEDS.ZS,IN,hospital_beds,1980,0.769699990749359,,numerical_variation,unexpected_revision_or_temporal_variation,1975,0.588199973106384,0.181500017642975,0.3085685582140416767801473365,required,retain_quarantine,https://api.worldbank.org/v2/country/PRT;ESP;DEU;FRA;GBR;IRL;NLD;CHE;ITA;USA;CAN;BRA;IND;PAK/indicator/SH.MED.BEDS.ZS?format=json&source=2&per_page=10000&page=1,454cea4c645ac4dd4477a083fd4ff52a33c66ca9e0cccf12294b6e2f64d122c8
world_bank,WDI:2:SH.MED.BEDS.ZS,IN,hospital_beds,2000,2.13,,numerical_variation,unexpected_revision_or_temporal_variation,1991,0.7870000005,1.3429999995,1.706480303236035385491718307,required,retain_quarantine,https://api.worldbank.org/v2/country/PRT;ESP;DEU;FRA;GBR;IRL;NLD;CHE;ITA;USA;CAN;BRA;IND;PAK/indicator/SH.MED.BEDS.ZS?format=json&source=2&per_page=10000&page=1,454cea4c645ac4dd4477a083fd4ff52a33c66ca9e0cccf12294b6e2f64d122c8
world_bank,WDI:2:EN.ATM.PM25.MC.M3,CA,pm25_air_pollution,2021,7.83769210708607,,numerical_variation,unexpected_revision_or_temporal_variation,2020,6.02639529210685,1.81129681497922,0.3005605718150599376416678718,required,retain_quarantine,https://api.worldbank.org/v2/country/PRT;ESP;DEU;FRA;GBR;IRL;NLD;CHE;ITA;USA;CAN;BRA;IND;PAK/indicator/EN.ATM.PM25.MC.M3?format=json&source=2&per_page=10000&page=1,cf4a358cfb4955c0aff9b4af0c08a311e7c5e0d5dc2b0a3131e34ca1912196ee
eurostat,earn_nt_net,DE,net_annual_earnings_reference,2024,2956.91,b,methodology_break,provider_quality_or_methodology_flag,2023,37908.41,-34951.50,0.9219985749863948395619863772,required,retain_quarantine,https://ec.europa.eu/eurostat/api/dissemination/sdmx/2.1/data/earn_nt_net?format=TSV&compressed=true,4e17e96041deb45dd2d7d7114acd084d8a63594b3df3e72efdc593366f7cc255
eurostat,earn_nt_net,DE,net_annual_earnings_reference,2025,36534.77,,numerical_variation,unexpected_revision_or_temporal_variation,2024,2956.91,33577.86,11.35572607891346033528244011,required,retain_quarantine,https://ec.europa.eu/eurostat/api/dissemination/sdmx/2.1/data/earn_nt_net?format=TSV&compressed=true,4e17e96041deb45dd2d7d7114acd084d8a63594b3df3e72efdc593366f7cc255
eurostat,earn_nt_net,ES,net_annual_earnings_reference,2024,2195.92,b,methodology_break,provider_quality_or_methodology_flag,2023,23597.08,-21401.16,0.9069410282967214587567614298,required,retain_quarantine,https://ec.europa.eu/eurostat/api/dissemination/sdmx/2.1/data/earn_nt_net?format=TSV&compressed=true,4e17e96041deb45dd2d7d7114acd084d8a63594b3df3e72efdc593366f7cc255
eurostat,earn_nt_net,ES,net_annual_earnings_reference,2025,27040.72,,numerical_variation,unexpected_revision_or_temporal_variation,2024,2195.92,24844.80,11.31407337243615432256184196,required,retain_quarantine,https://ec.europa.eu/eurostat/api/dissemination/sdmx/2.1/data/earn_nt_net?format=TSV&compressed=true,4e17e96041deb45dd2d7d7114acd084d8a63594b3df3e72efdc593366f7cc255
eurostat,earn_nt_net,FR,net_annual_earnings_reference,2024,2648.69,b,methodology_break,provider_quality_or_methodology_flag,2023,31573.51,-28924.82,0.9161103722709321833397680524,required,retain_quarantine,https://ec.europa.eu/eurostat/api/dissemination/sdmx/2.1/data/earn_nt_net?format=TSV&compressed=true,4e17e96041deb45dd2d7d7114acd084d8a63594b3df3e72efdc593366f7cc255
eurostat,earn_nt_net,FR,net_annual_earnings_reference,2025,32346.04,,numerical_variation,unexpected_revision_or_temporal_variation,2024,2648.69,29697.35,11.21208975002737202164088663,required,retain_quarantine,https://ec.europa.eu/eurostat/api/dissemination/sdmx/2.1/data/earn_nt_net?format=TSV&compressed=true,4e17e96041deb45dd2d7d7114acd084d8a63594b3df3e72efdc593366f7cc255
eurostat,earn_nt_net,IE,net_annual_earnings_reference,2024,3738.97,b,methodology_break,provider_quality_or_methodology_flag,2023,43896.82,-40157.85,0.9148236705984624854374417099,required,retain_quarantine,https://ec.europa.eu/eurostat/api/dissemination/sdmx/2.1/data/earn_nt_net?format=TSV&compressed=true,4e17e96041deb45dd2d7d7114acd084d8a63594b3df3e72efdc593366f7cc255
eurostat,earn_nt_net,IE,net_annual_earnings_reference,2025,47026.77,,numerical_variation,unexpected_revision_or_temporal_variation,2024,3738.97,43287.80,11.57746652152865628769420455,required,retain_quarantine,https://ec.europa.eu/eurostat/api/dissemination/sdmx/2.1/data/earn_nt_net?format=TSV&compressed=true,4e17e96041deb45dd2d7d7114acd084d8a63594b3df3e72efdc593366f7cc255
eurostat,earn_nt_net,IT,net_annual_earnings_reference,2024,2216.11,b,methodology_break,provider_quality_or_methodology_flag,2023,24592.51,-22376.40,0.9098867907342520141295052843,required,retain_quarantine,https://ec.europa.eu/eurostat/api/dissemination/sdmx/2.1/data/earn_nt_net?format=TSV&compressed=true,4e17e96041deb45dd2d7d7114acd084d8a63594b3df3e72efdc593366f7cc255
eurostat,earn_nt_net,IT,net_annual_earnings_reference,2025,27787.67,,numerical_variation,unexpected_revision_or_temporal_variation,2024,2216.11,25571.56,11.53893985406861572755865007,required,retain_quarantine,https://ec.europa.eu/eurostat/api/dissemination/sdmx/2.1/data/earn_nt_net?format=TSV&compressed=true,4e17e96041deb45dd2d7d7114acd084d8a63594b3df3e72efdc593366f7cc255
eurostat,earn_nt_net,NL,net_annual_earnings_reference,2024,3236.54,b,methodology_break,provider_quality_or_methodology_flag,2023,45156.38,-41919.84,0.9283259641273281870690254622,required,retain_quarantine,https://ec.europa.eu/eurostat/api/dissemination/sdmx/2.1/data/earn_nt_net?format=TSV&compressed=true,4e17e96041deb45dd2d7d7114acd084d8a63594b3df3e72efdc593366f7cc255
eurostat,earn_nt_net,NL,net_annual_earnings_reference,2025,40793.43,,numerical_variation,unexpected_revision_or_temporal_variation,2024,3236.54,37556.89,11.60402466831863656868136961,required,retain_quarantine,https://ec.europa.eu/eurostat/api/dissemination/sdmx/2.1/data/earn_nt_net?format=TSV&compressed=true,4e17e96041deb45dd2d7d7114acd084d8a63594b3df3e72efdc593366f7cc255
eurostat,earn_nt_net,PT,net_annual_earnings_reference,2024,1674.9,b,methodology_break,provider_quality_or_methodology_flag,2023,15301.09,-13626.19,0.8905372100941828327262959698,required,retain_quarantine,https://ec.europa.eu/eurostat/api/dissemination/sdmx/2.1/data/earn_nt_net?format=TSV&compressed=true,4e17e96041deb45dd2d7d7114acd084d8a63594b3df3e72efdc593366f7cc255
eurostat,earn_nt_net,PT,net_annual_earnings_reference,2025,21449.05,,numerical_variation,unexpected_revision_or_temporal_variation,2024,1674.9,19774.15,11.80616753238999343244372798,required,retain_quarantine,https://ec.europa.eu/eurostat/api/dissemination/sdmx/2.1/data/earn_nt_net?format=TSV&compressed=true,4e17e96041deb45dd2d7d7114acd084d8a63594b3df3e72efdc593366f7cc255
